noise,res,clusters,NMI,ARI,CA,val_NMI,val_ARI,val_CA,loss,val_loss,CA_initial,ARI_initial,NMI_initial,val_CA_initial,val_ARI_initial,val_NMI_initial,training_time,nbr_iteration,CA_final,ARI_final,NMI_final,val_CA_final,val_ARI_final,val_NMI_final
0,0.09,6,"[0.81504, 0.82743, 0.82746]","[0.86418, 0.874, 0.87418]","[0.86646, 0.87162, 0.87162]","[0.80794, 0.82273, 0.82312]","[0.84761, 0.86945, 0.87031]","[0.85914, 0.86848, 0.86848]","[2.9844846949345083e-07, 2.0044846849032183e-07, 2.0109034437609807e-07]","[3.0195380418263085e-07, 2.079160026369209e-07, 2.100217528777648e-07]",0.86646,0.86418,0.81504,0.85914,0.84761,0.80794,174,24,0.87162,0.87418,0.82746,0.86848,0.87031,0.82312
0,0.07,5,"[0.76405, 0.78496, 0.78556]","[0.77001, 0.77914, 0.77903]","[0.81277, 0.81827, 0.81827]","[0.75845, 0.78195, 0.78195]","[0.7675, 0.78027, 0.78027]","[0.81323, 0.81946, 0.81946]","[1.910742639665841e-07, 1.338244999260496e-07, 1.334920654016969e-07]","[1.937434745968858e-07, 1.3703781576168694e-07, 1.353729857100916e-07]",0.81277,0.77001,0.76405,0.81323,0.7675,0.75845,165,24,0.81827,0.77903,0.78556,0.81946,0.78027,0.78195
0,0.09,7,"[0.84375, 0.81109, 0.81109]","[0.8974, 0.86879, 0.86879]","[0.87779, 0.85529, 0.85529]","[0.83807, 0.81461, 0.81461]","[0.88789, 0.86376, 0.86376]","[0.87471, 0.85447, 0.85447]","[1.9013194219041907e-07, 1.4410780124762823e-07, 1.45781342553164e-07]","[1.9533361239609803e-07, 1.460200991232341e-07, 1.5140946629799146e-07]",0.87779,0.8974,0.84375,0.87471,0.88789,0.83807,190,24,0.85529,0.86879,0.81109,0.85447,0.86376,0.81461
0,0.09,8,"[0.86509, 0.86336, 0.86336]","[0.91308, 0.91267, 0.91267]","[0.91014, 0.90864, 0.90864]","[0.86482, 0.85257, 0.85257]","[0.91189, 0.90161, 0.90161]","[0.91284, 0.90272, 0.90272]","[1.3070528837033635e-07, 9.815268953161649e-08, 9.950787216439494e-08]","[1.3457085401569202e-07, 1.016634882944345e-07, 1.0156457364018934e-07]",0.91014,0.91308,0.86509,0.91284,0.91189,0.86482,152,24,0.90864,0.91267,0.86336,0.90272,0.90161,0.85257
0,0.09,7,"[0.83906, 0.84113, 0.84113]","[0.89295, 0.8926, 0.8926]","[0.8943, 0.89496, 0.89496]","[0.84157, 0.84052, 0.84052]","[0.89133, 0.89362, 0.89362]","[0.89494, 0.89416, 0.89416]","[2.6119946028302365e-07, 1.9637188586330012e-07, 1.9751105639898014e-07]","[2.687065148165857e-07, 2.010047381872937e-07, 2.0387068389027263e-07]",0.8943,0.89295,0.83906,0.89494,0.89133,0.84157,159,24,0.89496,0.8926,0.84113,0.89416,0.89362,0.84052
0,0.08,6,"[0.8448, 0.84735, 0.84514, 0.84494]","[0.89689, 0.89981, 0.89801, 0.89749]","[0.87429, 0.87663, 0.87629, 0.87613]","[0.82837, 0.83601, 0.83904, 0.8457]","[0.88205, 0.88594, 0.88875, 0.89366]","[0.86693, 0.87004, 0.8716, 0.87393]","[0.06818579137325287, 0.06620287150144577, 0.0706392303109169, 0.07453224062919617]","[0.06829212605953217, 0.06613250076770782, 0.07055456936359406, 0.07442604750394821]",0.87429,0.89689,0.8448,0.86693,0.88205,0.82837,243,36,0.87613,0.89749,0.84494,0.87393,0.89366,0.8457
0,0.09,6,"[0.82921, 0.83092, 0.82912, 0.82998, 0.82742, 0.82528, 0.82501, 0.82757, 0.82603, 0.82648, 0.82498, 0.82434, 0.82303, 0.82301, 0.82174, 0.81876, 0.81856, 0.81868, 0.81795, 0.81656, 0.8162, 0.81597, 0.81716, 0.81749, 0.81674, 0.81735, 0.8192, 0.81853, 0.81852]","[0.88492, 0.88281, 0.88192, 0.88398, 0.88134, 0.87969, 0.87889, 0.88095, 0.87926, 0.87917, 0.87715, 0.87535, 0.87245, 0.8714, 0.86871, 0.86521, 0.864, 0.86326, 0.86221, 0.86032, 0.85895, 0.85856, 0.85995, 0.86002, 0.85916, 0.85986, 0.86162, 0.86113, 0.86124]","[0.86946, 0.86746, 0.86696, 0.86762, 0.86629, 0.86529, 0.86462, 0.86529, 0.86445, 0.86429, 0.86329, 0.86212, 0.86062, 0.86012, 0.85862, 0.85679, 0.85595, 0.85562, 0.85512, 0.85462, 0.85378, 0.85395, 0.85478, 0.85529, 0.85545, 0.85629, 0.85779, 0.85795, 0.85829]","[0.81773, 0.82931, 0.83107, 0.82836, 0.82374, 0.82262, 0.82487, 0.82396, 0.82325, 0.81719, 0.8186, 0.81886, 0.81606, 0.81396, 0.81268, 0.81582, 0.81467, 0.81241, 0.80833, 0.81025, 0.80818, 0.80649, 0.80845, 0.81123, 0.81084, 0.81188, 0.81344, 0.81413, 0.81405]","[0.86969, 0.87192, 0.87499, 0.87279, 0.87016, 0.86973, 0.87215, 0.87126, 0.87032, 0.86329, 0.86429, 0.86448, 0.86211, 0.8584, 0.85675, 0.86081, 0.85904, 0.85681, 0.85169, 0.85294, 0.85164, 0.85078, 0.85373, 0.85777, 0.85735, 0.85711, 0.85914, 0.86041, 0.86066]","[0.86381, 0.86381, 0.86459, 0.86381, 0.86226, 0.86226, 0.86304, 0.86226, 0.86148, 0.85837, 0.85837, 0.85759, 0.85603, 0.8537, 0.85292, 0.85447, 0.8537, 0.85214, 0.84981, 0.85058, 0.84981, 0.85058, 0.85214, 0.85447, 0.85447, 0.85447, 0.85681, 0.85759, 0.85837]","[0.06740500032901764, 0.06462214887142181, 0.0691322386264801, 0.07315374165773392, 0.0768011063337326, 0.08013486117124557, 0.08319242298603058, 0.08599933981895447, 0.08857853710651398, 0.09095253795385361, 0.09314365684986115, 0.09517260640859604, 0.09705719351768494, 0.09881509095430374, 0.10046099871397018, 0.10200860351324081, 0.1034717783331871, 0.10486338287591934, 0.10619596391916275, 0.10748215019702911, 0.10873385518789291, 0.1099620908498764, 0.111178457736969, 0.1123942881822586, 0.11361702531576157, 0.11484985053539276, 0.11609046161174774, 0.11733198910951614, 0.11856388300657272]","[0.06733518093824387, 0.06476228684186935, 0.06925417482852936, 0.07325728237628937, 0.07688453048467636, 0.08019697666168213, 0.08323218673467636, 0.08601576834917068, 0.08857054263353348, 0.09091998636722565, 0.0930868461728096, 0.09509184956550598, 0.09695342183113098, 0.09868878126144409, 0.10031217336654663, 0.10183756053447723, 0.103278249502182, 0.10464727878570557, 0.10595680773258209, 0.10721912980079651, 0.10844575613737106, 0.10964774340391159, 0.11083664000034332, 0.11202359199523926, 0.11321665346622467, 0.11441919952630997, 0.11562942713499069, 0.11684078723192215, 0.11804316937923431]",0.86946,0.88492,0.82921,0.86381,0.86969,0.81773,738,336,0.85829,0.86124,0.81852,0.85837,0.86066,0.81405
0,0.08,6,"[0.83637, 0.83589, 0.83524, 0.83395, 0.83134, 0.83004, 0.82658, 0.82456, 0.82143, 0.81861, 0.81669, 0.81457, 0.81248, 0.81201, 0.80932, 0.80692, 0.80577, 0.8054, 0.80243, 0.7974, 0.79447, 0.79269, 0.78819, 0.78474, 0.7787, 0.7745, 0.77001, 0.76729, 0.76602, 0.76331, 0.7618, 0.75983, 0.75819, 0.75668, 0.75618, 0.75649, 0.75687, 0.75651, 0.75624, 0.75565, 0.75637, 0.75619, 0.75655, 0.75708, 0.75719, 0.75689, 0.75795, 0.75935, 0.76038, 0.76206, 0.76369, 0.76599, 0.76867, 0.77102, 0.77499, 0.77922, 0.78173, 0.7844, 0.78677, 0.78839, 0.7894, 0.78957]","[0.89172, 0.88889, 0.88709, 0.88337, 0.87875, 0.8747, 0.86792, 0.86312, 0.85639, 0.85016, 0.84341, 0.83772, 0.83341, 0.82798, 0.82098, 0.81565, 0.81039, 0.80587, 0.79929, 0.78942, 0.78134, 0.77375, 0.75915, 0.74667, 0.73243, 0.72079, 0.70768, 0.69774, 0.69245, 0.68716, 0.68157, 0.67738, 0.67368, 0.67035, 0.66844, 0.66744, 0.66677, 0.66612, 0.66577, 0.6652, 0.66501, 0.66504, 0.66642, 0.66776, 0.67004, 0.67223, 0.6754, 0.67799, 0.68264, 0.68962, 0.69672, 0.705, 0.71398, 0.72161, 0.73335, 0.74459, 0.75119, 0.75695, 0.76156, 0.76442, 0.7665, 0.76676]","[0.87379, 0.87029, 0.86846, 0.86562, 0.86279, 0.85979, 0.85512, 0.85178, 0.84745, 0.84328, 0.83861, 0.83795, 0.83711, 0.83661, 0.83494, 0.83361, 0.83211, 0.83111, 0.82828, 0.82377, 0.81977, 0.81577, 0.80677, 0.7986, 0.78826, 0.77926, 0.76742, 0.75725, 0.75092, 0.74458, 0.73658, 0.73024, 0.72357, 0.71657, 0.71057, 0.70607, 0.70223, 0.69857, 0.6939, 0.6944, 0.69823, 0.70323, 0.7079, 0.7124, 0.71891, 0.72457, 0.73058, 0.73508, 0.74191, 0.75058, 0.75842, 0.76659, 0.77459, 0.78093, 0.78993, 0.7981, 0.8026, 0.80644, 0.80944, 0.81127, 0.81277, 0.81294]","[0.83453, 0.83247, 0.83121, 0.8333, 0.83322, 0.82802, 0.82666, 0.82462, 0.8214, 0.81866, 0.81479, 0.81203, 0.80938, 0.80898, 0.80836, 0.80632, 0.8019, 0.79701, 0.79208, 0.79214, 0.78828, 0.78129, 0.77578, 0.76938, 0.76516, 0.76391, 0.76019, 0.75878, 0.75548, 0.75097, 0.75089, 0.75057, 0.74923, 0.74383, 0.74776, 0.74745, 0.74506, 0.74453, 0.74624, 0.74623, 0.7463, 0.74651, 0.74677, 0.74698, 0.74751, 0.74775, 0.74849, 0.75002, 0.75118, 0.75307, 0.7581, 0.75911, 0.76094, 0.7649, 0.76881, 0.77171, 0.77439, 0.77654, 0.78057, 0.78189, 0.78333, 0.78411]","[0.88815, 0.88312, 0.87936, 0.88084, 0.8793, 0.87384, 0.87133, 0.8669, 0.85941, 0.85255, 0.84638, 0.836, 0.83012, 0.82547, 0.82026, 0.81673, 0.80979, 0.80289, 0.79309, 0.78688, 0.77924, 0.76719, 0.75223, 0.73464, 0.72248, 0.71599, 0.70293, 0.69474, 0.68831, 0.67974, 0.67588, 0.67258, 0.67089, 0.66526, 0.66653, 0.66579, 0.6627, 0.6617, 0.65595, 0.65604, 0.657, 0.6584, 0.65981, 0.66093, 0.66357, 0.6647, 0.66809, 0.67474, 0.67953, 0.68694, 0.6972, 0.70151, 0.70765, 0.71999, 0.72468, 0.73332, 0.73994, 0.74364, 0.75187, 0.75428, 0.75671, 0.75794]","[0.8716, 0.8677, 0.86537, 0.86537, 0.86381, 0.86148, 0.85992, 0.85759, 0.85292, 0.84825, 0.84514, 0.83735, 0.8358, 0.8358, 0.8358, 0.83502, 0.83191, 0.82879, 0.82412, 0.82179, 0.81712, 0.81012, 0.80078, 0.78833, 0.77821, 0.77276, 0.76031, 0.74942, 0.74163, 0.73074, 0.72296, 0.71751, 0.7144, 0.70739, 0.70661, 0.70117, 0.69805, 0.69416, 0.69027, 0.69183, 0.69961, 0.70584, 0.71051, 0.71362, 0.71984, 0.72218, 0.7284, 0.73852, 0.74475, 0.75331, 0.76342, 0.76809, 0.77354, 0.78366, 0.78755, 0.79377, 0.79844, 0.80156, 0.807, 0.80856, 0.81012, 0.81089]","[0.0664248839020729, 0.06826107203960419, 0.07252657413482666, 0.07638325542211533, 0.07990004867315292, 0.08311492949724197, 0.08607454597949982, 0.08881425112485886, 0.09135625511407852, 0.0937211811542511, 0.09593110531568527, 0.09800418466329575, 0.09995627403259277, 0.10180183500051498, 0.10355190932750702, 0.1052185520529747, 0.10681065171957016, 0.10833556205034256, 0.10979848355054855, 0.11120422184467316, 0.1125558614730835, 0.11385460197925568, 0.11510051786899567, 0.11629492789506912, 0.11743886768817902, 0.11853373050689697, 0.11958087235689163, 0.12058265507221222, 0.12154091149568558, 0.12245811522006989, 0.12333574146032333, 0.12417558580636978, 0.12497983872890472, 0.1257495880126953, 0.12648624181747437, 0.12719139456748962, 0.1278667002916336, 0.12851305305957794, 0.12913165986537933, 0.12972325086593628, 0.13028857111930847, 0.13082841038703918, 0.131343275308609, 0.13183456659317017, 0.13230259716510773, 0.13274803757667542, 0.13317157328128815, 0.13357394933700562, 0.13395605981349945, 0.1343183070421219, 0.1346617043018341, 0.13498644530773163, 0.13529318571090698, 0.13558265566825867, 0.13585516810417175, 0.1361115574836731, 0.136352077126503, 0.1365775167942047, 0.13678830862045288, 0.1369846612215042, 0.13716751337051392, 0.13733717799186707]","[0.066077321767807, 0.06796524673700333, 0.07217972725629807, 0.07599445432424545, 0.07947418838739395, 0.08265535533428192, 0.0855851024389267, 0.08829880505800247, 0.0908176526427269, 0.09316036850214005, 0.09535051137208939, 0.09740616381168365, 0.09934288263320923, 0.10117466747760773, 0.10291319340467453, 0.1045699194073677, 0.10615259408950806, 0.10766789317131042, 0.10912088304758072, 0.11051720380783081, 0.11185900866985321, 0.11314745992422104, 0.114383265376091, 0.11556635051965714, 0.1166970357298851, 0.11777690798044205, 0.11880791187286377, 0.1197914332151413, 0.12073057889938354, 0.12162768840789795, 0.12248364090919495, 0.12330067157745361, 0.1240806132555008, 0.12482567131519318, 0.12553730607032776, 0.12621723115444183, 0.12686657905578613, 0.12748681008815765, 0.1280795782804489, 0.12864555418491364, 0.12918533384799957, 0.12969979643821716, 0.13018977642059326, 0.13065671920776367, 0.13110122084617615, 0.13152384757995605, 0.13192567229270935, 0.13230745494365692, 0.13266979157924652, 0.13301323354244232, 0.13333860039710999, 0.13364624977111816, 0.1339367926120758, 0.13421101868152618, 0.13446907699108124, 0.13471153378486633, 0.13493876159191132, 0.13515132665634155, 0.13534992933273315, 0.1355351358652115, 0.13570713996887207, 0.13586626946926117]",0.87379,0.89172,0.83637,0.8716,0.88815,0.83453,1437,732,0.81294,0.76676,0.78957,0.81089,0.75794,0.78411
0,0.04,5,"[0.77535, 0.78472, 0.78515, 0.78593]","[0.77198, 0.77583, 0.77653, 0.777]","[0.81677, 0.81811, 0.81844, 0.81861]","[0.77097, 0.78164, 0.78194, 0.78095]","[0.77115, 0.77963, 0.77976, 0.77894]","[0.81712, 0.82101, 0.82101, 0.82023]","[0.06884808838367462, 0.0680236890912056, 0.07198590785264969, 0.07558345049619675]","[0.06851909309625626, 0.06765719503164291, 0.07161232084035873, 0.0752025619149208]",0.81677,0.77198,0.77535,0.81712,0.77115,0.77097,204,36,0.81861,0.777,0.78593,0.82023,0.77894,0.78095
0,0.06,6,"[0.84234, 0.85209, 0.85232, 0.85207]","[0.89782, 0.90123, 0.90254, 0.90234]","[0.87663, 0.87596, 0.87663, 0.87663]","[0.84782, 0.84339, 0.84448, 0.84572]","[0.89928, 0.88794, 0.88963, 0.89251]","[0.87782, 0.87004, 0.8716, 0.87315]","[0.06328229606151581, 0.062096938490867615, 0.0671977773308754, 0.07172701507806778]","[0.06315018236637115, 0.06215665861964226, 0.06723660230636597, 0.07174684852361679]",0.87663,0.89782,0.84234,0.87782,0.89928,0.84782,239,36,0.87663,0.90234,0.85207,0.87315,0.89251,0.84572
0,0.09,7,"[0.84267, 0.84003, 0.8347, 0.82373, 0.81833, 0.81705, 0.81584, 0.81114, 0.80492, 0.80945, 0.805, 0.80377, 0.79836, 0.79277, 0.7928, 0.78985, 0.785, 0.78542, 0.78334, 0.78365, 0.7773, 0.77794, 0.77572, 0.77226, 0.77235, 0.77024, 0.76302, 0.75834, 0.75984, 0.74932, 0.74765, 0.74171, 0.73788, 0.73775, 0.73603, 0.73763, 0.74019, 0.7317, 0.74195, 0.74055, 0.73721, 0.74059, 0.74393, 0.74515, 0.74297, 0.7451, 0.74607, 0.74985, 0.74409, 0.75148, 0.75135, 0.73953, 0.74915, 0.75198, 0.74514, 0.75402, 0.74912, 0.75182, 0.74772, 0.7478, 0.73795, 0.7334, 0.73225, 0.7292, 0.73218, 0.72766, 0.72944, 0.72641, 0.73273, 0.73578, 0.73539, 0.73817, 0.74029, 0.73707, 0.73534, 0.73592, 0.72967, 0.73417, 0.73356, 0.73437, 0.72957, 0.73327, 0.7334, 0.73422, 0.73081, 0.73101]","[0.89483, 0.88816, 0.88036, 0.86406, 0.85368, 0.84766, 0.84451, 0.83752, 0.82553, 0.83641, 0.83027, 0.83043, 0.8189, 0.80852, 0.81665, 0.81084, 0.79937, 0.8011, 0.7977, 0.79775, 0.77791, 0.77871, 0.77024, 0.75658, 0.75524, 0.75437, 0.72826, 0.712, 0.72616, 0.68578, 0.67861, 0.66189, 0.65043, 0.65087, 0.65182, 0.65597, 0.66282, 0.65679, 0.67218, 0.67293, 0.67803, 0.6797, 0.68911, 0.69925, 0.69938, 0.70365, 0.71456, 0.71773, 0.71242, 0.72582, 0.7216, 0.70581, 0.72201, 0.72477, 0.7209, 0.72822, 0.72233, 0.72713, 0.71893, 0.7191, 0.70703, 0.69794, 0.70127, 0.69757, 0.69856, 0.69705, 0.69705, 0.68918, 0.69687, 0.69903, 0.69607, 0.69979, 0.70085, 0.6965, 0.69656, 0.69735, 0.68549, 0.69529, 0.69368, 0.69482, 0.68706, 0.69409, 0.69381, 0.69657, 0.69225, 0.69243]","[0.88013, 0.87579, 0.87129, 0.86212, 0.85629, 0.85212, 0.84995, 0.84495, 0.83645, 0.84345, 0.83911, 0.83945, 0.83044, 0.82628, 0.82928, 0.82711, 0.82377, 0.82344, 0.82161, 0.82194, 0.8136, 0.81511, 0.81144, 0.8036, 0.80327, 0.80227, 0.7876, 0.77492, 0.78526, 0.75442, 0.74642, 0.72457, 0.6929, 0.6954, 0.70507, 0.7134, 0.73024, 0.73008, 0.74225, 0.74875, 0.75675, 0.75525, 0.76292, 0.77826, 0.77392, 0.77859, 0.78043, 0.7871, 0.78209, 0.7891, 0.78943, 0.78393, 0.7886, 0.79026, 0.78576, 0.7891, 0.78443, 0.78576, 0.78176, 0.77926, 0.76892, 0.76392, 0.74775, 0.74075, 0.74358, 0.72274, 0.72041, 0.71524, 0.70924, 0.70924, 0.70807, 0.71174, 0.71324, 0.71207, 0.71224, 0.71274, 0.7089, 0.7119, 0.71124, 0.7119, 0.70957, 0.71157, 0.7114, 0.71207, 0.71074, 0.71074]","[0.83731, 0.8358, 0.83402, 0.824, 0.81438, 0.81604, 0.81447, 0.80844, 0.80419, 0.80553, 0.80461, 0.80338, 0.7963, 0.7953, 0.78838, 0.78746, 0.78571, 0.78647, 0.78793, 0.78586, 0.78337, 0.77835, 0.77687, 0.7778, 0.77371, 0.77282, 0.7694, 0.76239, 0.7586, 0.75124, 0.74568, 0.74472, 0.74311, 0.74165, 0.74311, 0.74329, 0.74969, 0.74045, 0.75134, 0.74861, 0.74265, 0.74916, 0.75424, 0.75362, 0.75574, 0.75401, 0.75672, 0.7566, 0.75021, 0.76034, 0.76146, 0.74575, 0.76092, 0.76679, 0.75302, 0.76769, 0.75799, 0.75489, 0.75398, 0.75565, 0.74202, 0.73917, 0.72982, 0.72445, 0.73323, 0.7166, 0.73094, 0.72202, 0.72661, 0.727, 0.72857, 0.73246, 0.73905, 0.73023, 0.73147, 0.7339, 0.72664, 0.73273, 0.72744, 0.72932, 0.72584, 0.72716, 0.72716, 0.72946, 0.72262, 0.72262]","[0.88211, 0.88141, 0.88011, 0.85881, 0.84591, 0.84166, 0.84132, 0.83187, 0.82274, 0.83054, 0.82644, 0.82903, 0.81664, 0.81587, 0.81486, 0.81048, 0.80813, 0.80666, 0.80934, 0.80722, 0.78864, 0.78777, 0.78346, 0.7657, 0.76411, 0.76492, 0.73618, 0.7174, 0.73445, 0.68504, 0.67745, 0.66529, 0.66124, 0.66146, 0.66312, 0.66462, 0.67445, 0.66564, 0.68637, 0.68805, 0.6869, 0.69317, 0.70362, 0.71213, 0.71584, 0.71946, 0.72352, 0.72548, 0.72357, 0.73287, 0.73463, 0.71313, 0.73648, 0.74438, 0.73524, 0.74295, 0.73377, 0.73486, 0.72672, 0.73106, 0.71329, 0.70155, 0.70288, 0.69578, 0.69755, 0.69229, 0.70122, 0.68466, 0.69321, 0.69324, 0.69057, 0.69622, 0.70317, 0.68988, 0.69269, 0.69603, 0.68257, 0.69655, 0.69039, 0.69291, 0.68652, 0.69242, 0.69242, 0.69837, 0.68971, 0.68971]","[0.87471, 0.87315, 0.87237, 0.86148, 0.85447, 0.85214, 0.85136, 0.84436, 0.83735, 0.84358, 0.83969, 0.84125, 0.83268, 0.83035, 0.82879, 0.82724, 0.82724, 0.82646, 0.82724, 0.82646, 0.82023, 0.81946, 0.81868, 0.81012, 0.80934, 0.80934, 0.793, 0.77899, 0.79222, 0.74786, 0.74163, 0.71829, 0.69027, 0.70661, 0.71751, 0.7214, 0.73696, 0.73619, 0.75097, 0.75953, 0.76498, 0.7642, 0.77276, 0.78599, 0.78366, 0.78911, 0.78911, 0.79455, 0.79066, 0.79689, 0.79922, 0.793, 0.80078, 0.80467, 0.79611, 0.80078, 0.79377, 0.793, 0.79144, 0.79066, 0.77821, 0.77354, 0.74942, 0.74241, 0.7463, 0.72374, 0.72685, 0.7214, 0.71128, 0.70661, 0.70739, 0.71206, 0.71518, 0.71128, 0.71206, 0.71362, 0.70973, 0.71284, 0.71051, 0.71128, 0.70973, 0.71051, 0.71051, 0.71284, 0.70973, 0.70973]","[0.06172320246696472, 0.0654485747218132, 0.06819028407335281, 0.0707574114203453, 0.07255105674266815, 0.07469958066940308, 0.07607616484165192, 0.07821723818778992, 0.0790727287530899, 0.08130376040935516, 0.08240098506212234, 0.08337040990591049, 0.08507808297872543, 0.08571356534957886, 0.08703318983316422, 0.08808349072933197, 0.08890100568532944, 0.09012165665626526, 0.0910438746213913, 0.09170562028884888, 0.09251324087381363, 0.09341055899858475, 0.09388379007577896, 0.0946817398071289, 0.09574215114116669, 0.09588053077459335, 0.0962306559085846, 0.09698395431041718, 0.09795168042182922, 0.09820203483104706, 0.09948311001062393, 0.1004619374871254, 0.10120774060487747, 0.10178947448730469, 0.10225933790206909, 0.10330597311258316, 0.10443558543920517, 0.10383922606706619, 0.10575832426548004, 0.10525107383728027, 0.10586784034967422, 0.10648970305919647, 0.10758937150239944, 0.10732142627239227, 0.10770374536514282, 0.10816974192857742, 0.10850922018289566, 0.10930559784173965, 0.10898126661777496, 0.11024454236030579, 0.11095570772886276, 0.1093774288892746, 0.11102303862571716, 0.11147745698690414, 0.11127296835184097, 0.1128363385796547, 0.11194321513175964, 0.11321262270212173, 0.11288043111562729, 0.11395761370658875, 0.11329309642314911, 0.11354322731494904, 0.11330147087574005, 0.11350782960653305, 0.11455748230218887, 0.11414206027984619, 0.11483662575483322, 0.11448965966701508, 0.11497791111469269, 0.115105539560318, 0.11539126932621002, 0.1162094920873642, 0.11624039709568024, 0.116141676902771, 0.11648175865411758, 0.11691083759069443, 0.11626487225294113, 0.11760067939758301, 0.11716801673173904, 0.11775798350572586, 0.11735057085752487, 0.11800757795572281, 0.11838449537754059, 0.11876381188631058, 0.11877057701349258, 0.11912856996059418]","[0.06145709380507469, 0.06505130231380463, 0.06777335703372955, 0.07031254470348358, 0.07206521928310394, 0.07420308887958527, 0.07554662972688675, 0.07766313850879669, 0.07849014550447464, 0.0806925967335701, 0.08175397664308548, 0.08273570984601974, 0.08449923247098923, 0.08499623835086823, 0.08643132448196411, 0.08742863684892654, 0.08825995028018951, 0.0895145907998085, 0.09046588838100433, 0.0910995751619339, 0.09179577976465225, 0.09274914860725403, 0.09317673742771149, 0.09395900368690491, 0.09503144025802612, 0.09525488317012787, 0.09550738334655762, 0.09626156091690063, 0.09729031473398209, 0.09751610457897186, 0.09877689927816391, 0.09974710643291473, 0.10049597918987274, 0.10106709599494934, 0.10153510421514511, 0.1026272401213646, 0.10370774567127228, 0.10310979187488556, 0.10505981743335724, 0.10450738668441772, 0.10500642657279968, 0.10574396699666977, 0.10688737779855728, 0.1063966155052185, 0.10693187266588211, 0.10736839473247528, 0.10770183801651001, 0.10843411833047867, 0.10810164362192154, 0.10942292213439941, 0.11007200926542282, 0.1083340272307396, 0.11010809987783432, 0.1105298325419426, 0.11027025431394577, 0.11200345307588577, 0.11105988919734955, 0.11237189918756485, 0.11194217205047607, 0.11313484609127045, 0.11237658560276031, 0.11254016309976578, 0.11238650232553482, 0.11251284927129745, 0.1136033833026886, 0.11317884176969528, 0.11387162655591965, 0.11348693817853928, 0.11403001099824905, 0.11413858085870743, 0.1143745481967926, 0.11529979109764099, 0.11530730873346329, 0.11517360061407089, 0.11551227420568466, 0.11588756740093231, 0.11525195837020874, 0.11666426062583923, 0.11623767763376236, 0.11683157086372375, 0.11634422093629837, 0.11705184727907181, 0.11741504073143005, 0.11781979352235794, 0.11784288287162781, 0.11822927743196487]",0.88013,0.89483,0.84267,0.87471,0.88211,0.83731,2033,1020,0.71074,0.69243,0.73101,0.70973,0.68971,0.72262
0,0.09,6,"[0.82178, 0.82199, 0.82124, 0.82092, 0.8149, 0.80308, 0.80948, 0.79558, 0.78184, 0.77441, 0.76302, 0.76187, 0.75224, 0.75199, 0.74305, 0.74352, 0.74329, 0.74579, 0.74766, 0.74785, 0.75205, 0.7547, 0.75801, 0.76458, 0.76669, 0.77144, 0.77626, 0.77897, 0.7844, 0.78166, 0.78417, 0.78949, 0.78838, 0.78765, 0.7883, 0.78526, 0.78562, 0.78328, 0.78223, 0.78027, 0.7804, 0.7785, 0.77672, 0.77241, 0.77316, 0.77031, 0.77063, 0.76802, 0.76782, 0.7734, 0.77197, 0.77218, 0.77192, 0.76783, 0.76891, 0.76689, 0.76717, 0.76827, 0.76152, 0.76466, 0.76691, 0.75846, 0.75772, 0.75703, 0.7512, 0.74796, 0.74436, 0.7402, 0.73984, 0.73967, 0.74142, 0.74409, 0.74687, 0.74702, 0.74913, 0.7518, 0.75058, 0.75026, 0.74908, 0.74873, 0.74943, 0.75389, 0.74822, 0.75091, 0.74822, 0.74797]","[0.87522, 0.87353, 0.8725, 0.87232, 0.86409, 0.84212, 0.85376, 0.82343, 0.79215, 0.77421, 0.74584, 0.73547, 0.70985, 0.70664, 0.68654, 0.68337, 0.68197, 0.68063, 0.67906, 0.68047, 0.68576, 0.69422, 0.70115, 0.71389, 0.72223, 0.73213, 0.74668, 0.75444, 0.76303, 0.76237, 0.76208, 0.76992, 0.76906, 0.76635, 0.76833, 0.76358, 0.76336, 0.76154, 0.75965, 0.75531, 0.75674, 0.75287, 0.74862, 0.74301, 0.74223, 0.74015, 0.74023, 0.73522, 0.73794, 0.74445, 0.7415, 0.74515, 0.74363, 0.73701, 0.73735, 0.73562, 0.7358, 0.73659, 0.72724, 0.73062, 0.7352, 0.72389, 0.72137, 0.72262, 0.71384, 0.70921, 0.70467, 0.69935, 0.69751, 0.69797, 0.699, 0.69923, 0.70138, 0.69869, 0.69905, 0.70245, 0.7023, 0.7015, 0.69983, 0.70057, 0.70241, 0.70698, 0.70065, 0.70575, 0.70065, 0.70038]","[0.86679, 0.86412, 0.86245, 0.86229, 0.85745, 0.84495, 0.85245, 0.83461, 0.81677, 0.80477, 0.78409, 0.77626, 0.75008, 0.74675, 0.71507, 0.7044, 0.70123, 0.69723, 0.71824, 0.72524, 0.73541, 0.74758, 0.75542, 0.76909, 0.77643, 0.78543, 0.79593, 0.80243, 0.8091, 0.80994, 0.8106, 0.8136, 0.81394, 0.8126, 0.81327, 0.81094, 0.8111, 0.81044, 0.8091, 0.80894, 0.80827, 0.80727, 0.8056, 0.80393, 0.8036, 0.80193, 0.80227, 0.79977, 0.80077, 0.8026, 0.80143, 0.8016, 0.80077, 0.79827, 0.79893, 0.7971, 0.79593, 0.79727, 0.7906, 0.79326, 0.7951, 0.78643, 0.78376, 0.78243, 0.77159, 0.76442, 0.75792, 0.74491, 0.73975, 0.72157, 0.71524, 0.70957, 0.71074, 0.7119, 0.71374, 0.7144, 0.7139, 0.71374, 0.7134, 0.71374, 0.71424, 0.71541, 0.71357, 0.71507, 0.71357, 0.71357]","[0.81883, 0.8148, 0.81121, 0.81284, 0.81203, 0.79721, 0.80086, 0.78726, 0.77065, 0.76312, 0.76041, 0.75457, 0.74368, 0.74217, 0.73675, 0.73901, 0.73882, 0.73665, 0.73963, 0.73991, 0.74092, 0.74105, 0.74857, 0.75494, 0.75928, 0.76926, 0.76634, 0.77152, 0.77828, 0.77733, 0.78726, 0.78412, 0.78563, 0.78726, 0.78798, 0.78726, 0.78726, 0.78076, 0.78137, 0.78159, 0.78087, 0.78216, 0.77676, 0.77219, 0.77754, 0.77235, 0.77711, 0.77663, 0.77682, 0.77903, 0.77978, 0.78107, 0.78088, 0.77528, 0.77747, 0.7736, 0.76967, 0.77125, 0.76925, 0.77179, 0.77225, 0.76287, 0.76123, 0.76285, 0.7545, 0.74699, 0.74774, 0.73653, 0.73715, 0.73892, 0.74413, 0.74654, 0.74908, 0.74579, 0.74515, 0.75124, 0.74947, 0.75124, 0.75074, 0.75124, 0.75124, 0.75231, 0.74876, 0.75149, 0.75055, 0.74876]","[0.86989, 0.86309, 0.85909, 0.85963, 0.85844, 0.8325, 0.84088, 0.80833, 0.77071, 0.75679, 0.73925, 0.72764, 0.69895, 0.69876, 0.68321, 0.68293, 0.67989, 0.67834, 0.67615, 0.67851, 0.68453, 0.68837, 0.6976, 0.70997, 0.72611, 0.74265, 0.74721, 0.75488, 0.76252, 0.76292, 0.77074, 0.77074, 0.7706, 0.77074, 0.77159, 0.77074, 0.77074, 0.76486, 0.76397, 0.75746, 0.75906, 0.75681, 0.74992, 0.74088, 0.74471, 0.74216, 0.74729, 0.74075, 0.74435, 0.75049, 0.74908, 0.75206, 0.74994, 0.74377, 0.74264, 0.74207, 0.73727, 0.73891, 0.73421, 0.7377, 0.74143, 0.72508, 0.72337, 0.72544, 0.71722, 0.70581, 0.70448, 0.69095, 0.68932, 0.69408, 0.69731, 0.69659, 0.69935, 0.69158, 0.68934, 0.69978, 0.69788, 0.69978, 0.69689, 0.69978, 0.69978, 0.70303, 0.69807, 0.70145, 0.69863, 0.69807]","[0.86615, 0.85914, 0.85759, 0.85681, 0.85603, 0.84125, 0.84747, 0.82879, 0.807, 0.79689, 0.78288, 0.77354, 0.74475, 0.74319, 0.71595, 0.70817, 0.70195, 0.69416, 0.71518, 0.72451, 0.73619, 0.74553, 0.75564, 0.76809, 0.78288, 0.79533, 0.79922, 0.80389, 0.81012, 0.81167, 0.81556, 0.81479, 0.81479, 0.81556, 0.81556, 0.81556, 0.81556, 0.81479, 0.81323, 0.81245, 0.81245, 0.81245, 0.80934, 0.807, 0.80856, 0.80623, 0.80856, 0.807, 0.80778, 0.80856, 0.80856, 0.80934, 0.80778, 0.80545, 0.80545, 0.80389, 0.80078, 0.80233, 0.79922, 0.80078, 0.80156, 0.79222, 0.78988, 0.78833, 0.77977, 0.76654, 0.76187, 0.7463, 0.74163, 0.71673, 0.71128, 0.71128, 0.71284, 0.71128, 0.71128, 0.7144, 0.71362, 0.7144, 0.71362, 0.7144, 0.7144, 0.71518, 0.71362, 0.7144, 0.71362, 0.71362]","[0.06910364329814911, 0.07302077114582062, 0.0760582685470581, 0.07870867103338242, 0.08114665001630783, 0.0835304707288742, 0.08513466268777847, 0.08709365874528885, 0.0876588299870491, 0.08906473219394684, 0.09087692946195602, 0.09217163175344467, 0.092799611389637, 0.09437008202075958, 0.09465914964675903, 0.09564600884914398, 0.09712439775466919, 0.098447784781456, 0.09895381331443787, 0.09950923174619675, 0.10058324038982391, 0.1012924537062645, 0.10204140096902847, 0.1031196266412735, 0.10325320065021515, 0.10432878136634827, 0.10511910915374756, 0.10626975446939468, 0.10643044859170914, 0.10599430650472641, 0.10756523162126541, 0.10868637263774872, 0.10968214273452759, 0.10966482013463974, 0.1107991635799408, 0.11031278222799301, 0.11166806519031525, 0.111687071621418, 0.1124846488237381, 0.11219307035207748, 0.11333170533180237, 0.11348316073417664, 0.11370006203651428, 0.11340644210577011, 0.11412381380796432, 0.11409254372119904, 0.11460206657648087, 0.11478938162326813, 0.11493860930204391, 0.11740133911371231, 0.11702767759561539, 0.11799811571836472, 0.11802373826503754, 0.11833276599645615, 0.11859509348869324, 0.11865946650505066, 0.11931465566158295, 0.1196846291422844, 0.11925920844078064, 0.11954319477081299, 0.12082969397306442, 0.11975554376840591, 0.12011565268039703, 0.12116866558790207, 0.12083425372838974, 0.12059659510850906, 0.12111268937587738, 0.12082143872976303, 0.12134256958961487, 0.12137973308563232, 0.1214447170495987, 0.12106922268867493, 0.12178418785333633, 0.1217438206076622, 0.12171036750078201, 0.1231948733329773, 0.12312936782836914, 0.12302220612764359, 0.1227869838476181, 0.12323727458715439, 0.12373185902833939, 0.12470986694097519, 0.12370841950178146, 0.12481396645307541, 0.12394215911626816, 0.12410702556371689]","[0.0690467357635498, 0.07289084792137146, 0.07589846104383469, 0.07852675020694733, 0.08098561316728592, 0.08339823782444, 0.08495978266000748, 0.08691538870334625, 0.08744075894355774, 0.0888652428984642, 0.09071024507284164, 0.09190171957015991, 0.09258269518613815, 0.09409131854772568, 0.09438367187976837, 0.09535282850265503, 0.09687433391809464, 0.09817932546138763, 0.09861667454242706, 0.09916578978300095, 0.10023687034845352, 0.10091045498847961, 0.10167282819747925, 0.10275547951459885, 0.10284193605184555, 0.1039319708943367, 0.10472292453050613, 0.10588031262159348, 0.10594780743122101, 0.1054745689034462, 0.10705748945474625, 0.10819809138774872, 0.10923308879137039, 0.10914376378059387, 0.11037596315145493, 0.10984258353710175, 0.11111176759004593, 0.11107960343360901, 0.1118883267045021, 0.11158493906259537, 0.11286994069814682, 0.11287061870098114, 0.1131003275513649, 0.11269067972898483, 0.11334340274333954, 0.11342649906873703, 0.11386474221944809, 0.11397761851549149, 0.11416036635637283, 0.11682992428541183, 0.11627276986837387, 0.11732408404350281, 0.11722847819328308, 0.11764077842235565, 0.11779722571372986, 0.11788883060216904, 0.11842586100101471, 0.11885087192058563, 0.11849337071180344, 0.11878111958503723, 0.12006833404302597, 0.11892865598201752, 0.11919030547142029, 0.12030424922704697, 0.11989090591669083, 0.11960574239492416, 0.1202206015586853, 0.12002135813236237, 0.1204579547047615, 0.12030293047428131, 0.1204712837934494, 0.12001555413007736, 0.12077420949935913, 0.12072692066431046, 0.12074150145053864, 0.1222676932811737, 0.12205025553703308, 0.12203694134950638, 0.12177665531635284, 0.12232453376054764, 0.12280385941267014, 0.12383923679590225, 0.12269166111946106, 0.12384726852178574, 0.12289998680353165, 0.12305986881256104]",0.86679,0.87522,0.82178,0.86615,0.86989,0.81883,2062,1020,0.71357,0.70038,0.74797,0.71362,0.69807,0.74876
0,0.08,6,"[0.83353, 0.82653, 0.82584, 0.8243, 0.8173, 0.816, 0.81568, 0.81226, 0.80186, 0.80056, 0.80194, 0.79537, 0.79607, 0.79481, 0.78991, 0.79501, 0.79338, 0.78788, 0.78792, 0.78819, 0.78783, 0.78749, 0.78573, 0.78098, 0.77795, 0.77995, 0.76536, 0.77169, 0.76464, 0.75242, 0.76216, 0.74417, 0.74593, 0.73656, 0.73771, 0.73872, 0.73319, 0.73708, 0.73578, 0.73481, 0.73715, 0.73461, 0.7366, 0.7387, 0.73541, 0.73318, 0.73555, 0.73397, 0.74187, 0.74544, 0.74844, 0.74917, 0.74911, 0.74978, 0.74882, 0.75226, 0.74839, 0.75375, 0.75192, 0.75037, 0.74313, 0.74948, 0.75051, 0.74548, 0.7396, 0.74611, 0.74267, 0.73731, 0.73337, 0.73576, 0.71837, 0.72904, 0.72189, 0.72636, 0.72585, 0.73494, 0.73291, 0.72518, 0.7336, 0.72812, 0.73355, 0.72691, 0.72538, 0.71955, 0.72306, 0.71544, 0.70735, 0.69665, 0.68259, 0.67465, 0.67053, 0.66642, 0.66946, 0.66208, 0.6635, 0.66967, 0.67075, 0.67295, 0.67543, 0.67181, 0.67098, 0.67081, 0.67254, 0.67175, 0.67212, 0.67024, 0.67262, 0.67412]","[0.89038, 0.87724, 0.876, 0.87439, 0.85953, 0.8603, 0.85838, 0.8526, 0.83316, 0.82897, 0.82999, 0.81302, 0.81411, 0.81593, 0.80095, 0.81458, 0.80938, 0.79233, 0.7927, 0.79064, 0.79344, 0.78761, 0.7822, 0.76362, 0.75864, 0.76173, 0.72638, 0.74268, 0.7184, 0.69033, 0.71359, 0.66628, 0.66953, 0.64399, 0.64562, 0.64731, 0.63833, 0.64527, 0.64377, 0.64377, 0.64915, 0.65023, 0.65499, 0.66236, 0.6613, 0.66048, 0.67383, 0.67678, 0.69427, 0.7062, 0.7119, 0.71635, 0.71845, 0.71972, 0.72069, 0.72396, 0.71237, 0.72695, 0.72395, 0.72191, 0.70671, 0.72311, 0.73037, 0.71989, 0.72041, 0.72071, 0.71719, 0.71547, 0.70792, 0.70957, 0.69317, 0.70305, 0.69283, 0.69929, 0.69131, 0.69542, 0.69021, 0.68186, 0.69469, 0.68808, 0.69809, 0.68594, 0.6865, 0.67587, 0.68529, 0.67487, 0.66504, 0.6615, 0.63999, 0.62319, 0.6163, 0.60722, 0.60907, 0.59683, 0.59889, 0.60927, 0.6109, 0.61496, 0.61811, 0.61265, 0.61076, 0.60956, 0.61371, 0.61151, 0.6133, 0.60842, 0.61374, 0.61519]","[0.87246, 0.86195, 0.86129, 0.86062, 0.85095, 0.85278, 0.85145, 0.84778, 0.83528, 0.83211, 0.83311, 0.82828, 0.82944, 0.83028, 0.82561, 0.83078, 0.82978, 0.82411, 0.82444, 0.82411, 0.82494, 0.82377, 0.82094, 0.81277, 0.80994, 0.81077, 0.79093, 0.79993, 0.78409, 0.76309, 0.77843, 0.73741, 0.74058, 0.70057, 0.6969, 0.6964, 0.70223, 0.7044, 0.7094, 0.71691, 0.71774, 0.72991, 0.73558, 0.74325, 0.74358, 0.74592, 0.76092, 0.76726, 0.77593, 0.78043, 0.78743, 0.78976, 0.7911, 0.79226, 0.79276, 0.79376, 0.79243, 0.79426, 0.79343, 0.7906, 0.78526, 0.7906, 0.7901, 0.78476, 0.78326, 0.78443, 0.77976, 0.77559, 0.77026, 0.76475, 0.74141, 0.74892, 0.72191, 0.7109, 0.7074, 0.70957, 0.71224, 0.71457, 0.71757, 0.71574, 0.71874, 0.71557, 0.71941, 0.71774, 0.72424, 0.72141, 0.71907, 0.7124, 0.69857, 0.68906, 0.68423, 0.67973, 0.68006, 0.67606, 0.67673, 0.67989, 0.68039, 0.68156, 0.68256, 0.68089, 0.68039, 0.68006, 0.68123, 0.68056, 0.68106, 0.67973, 0.68123, 0.68173]","[0.82174, 0.82066, 0.81518, 0.81797, 0.81577, 0.81749, 0.81239, 0.8116, 0.80173, 0.79752, 0.79785, 0.79265, 0.7931, 0.79458, 0.79404, 0.79587, 0.79584, 0.79468, 0.79229, 0.79389, 0.79543, 0.79037, 0.79122, 0.78147, 0.77971, 0.77964, 0.76643, 0.76923, 0.76606, 0.75685, 0.76556, 0.75083, 0.74668, 0.74362, 0.74402, 0.74575, 0.73947, 0.73963, 0.74604, 0.74156, 0.74667, 0.7423, 0.74426, 0.74543, 0.73987, 0.74042, 0.73934, 0.74145, 0.75303, 0.75576, 0.75343, 0.75836, 0.75351, 0.75951, 0.75606, 0.76212, 0.75983, 0.76395, 0.76071, 0.76066, 0.75507, 0.75993, 0.7602, 0.74847, 0.74645, 0.7548, 0.74815, 0.74053, 0.73945, 0.74005, 0.71364, 0.72776, 0.72148, 0.71776, 0.72482, 0.73542, 0.73216, 0.72397, 0.73276, 0.72923, 0.73331, 0.73008, 0.72383, 0.71662, 0.71951, 0.71394, 0.70976, 0.68223, 0.67526, 0.67117, 0.67007, 0.66437, 0.66412, 0.65688, 0.65753, 0.67284, 0.66648, 0.67171, 0.67098, 0.67124, 0.66959, 0.66581, 0.6748, 0.67085, 0.66648, 0.66768, 0.67155, 0.6748]","[0.87451, 0.87088, 0.86586, 0.86773, 0.86126, 0.86425, 0.85642, 0.85268, 0.83254, 0.82747, 0.82701, 0.81708, 0.81584, 0.8189, 0.81234, 0.81956, 0.81654, 0.80549, 0.80238, 0.80331, 0.80557, 0.802, 0.79574, 0.76987, 0.76571, 0.77017, 0.7302, 0.74376, 0.71997, 0.69196, 0.71684, 0.67228, 0.67222, 0.65094, 0.65516, 0.65493, 0.64574, 0.64992, 0.6533, 0.65134, 0.65745, 0.66401, 0.6668, 0.67403, 0.67181, 0.67222, 0.6819, 0.68599, 0.70685, 0.71612, 0.71263, 0.72497, 0.72031, 0.72618, 0.7239, 0.73215, 0.72316, 0.73655, 0.72827, 0.72824, 0.71846, 0.73322, 0.73659, 0.72486, 0.72439, 0.72635, 0.72107, 0.71769, 0.71091, 0.71133, 0.68854, 0.70214, 0.69099, 0.69489, 0.68853, 0.69178, 0.68883, 0.67999, 0.69256, 0.68743, 0.69538, 0.68742, 0.68502, 0.67536, 0.68303, 0.6735, 0.66771, 0.65108, 0.62975, 0.6192, 0.61361, 0.60656, 0.60583, 0.59653, 0.59903, 0.61068, 0.60873, 0.61416, 0.61664, 0.61098, 0.6095, 0.60482, 0.61303, 0.60848, 0.60873, 0.60715, 0.61186, 0.61303]","[0.86615, 0.86148, 0.85837, 0.85914, 0.85525, 0.85759, 0.8537, 0.85058, 0.83891, 0.8358, 0.83658, 0.83113, 0.83191, 0.83268, 0.83113, 0.83346, 0.83268, 0.83035, 0.82879, 0.82957, 0.83113, 0.82879, 0.82646, 0.81323, 0.81089, 0.81323, 0.79066, 0.79922, 0.78132, 0.75798, 0.77821, 0.7393, 0.74008, 0.69339, 0.69494, 0.69261, 0.70428, 0.70661, 0.71518, 0.72062, 0.7214, 0.7393, 0.74319, 0.75097, 0.75097, 0.7572, 0.76887, 0.77432, 0.78444, 0.78911, 0.79066, 0.79689, 0.79611, 0.8, 0.8, 0.80233, 0.80078, 0.80311, 0.80156, 0.8, 0.79611, 0.80078, 0.79922, 0.78988, 0.78755, 0.79144, 0.78521, 0.78054, 0.77432, 0.76498, 0.74475, 0.75253, 0.72062, 0.70973, 0.70584, 0.70973, 0.71206, 0.71284, 0.71595, 0.71362, 0.71673, 0.71362, 0.71751, 0.71829, 0.72374, 0.72296, 0.72296, 0.70661, 0.69494, 0.68949, 0.6856, 0.68093, 0.68016, 0.67704, 0.67704, 0.68171, 0.68016, 0.68249, 0.68249, 0.68171, 0.68093, 0.67938, 0.68249, 0.68093, 0.68016, 0.68016, 0.68171, 0.68249]","[0.0712403804063797, 0.07533767074346542, 0.0793122798204422, 0.0819806158542633, 0.0837939977645874, 0.08692652732133865, 0.08848420530557632, 0.09021085500717163, 0.09065606445074081, 0.09286735206842422, 0.0942775085568428, 0.09483011066913605, 0.09676414728164673, 0.09666945785284042, 0.09766853600740433, 0.09928812086582184, 0.10030554234981537, 0.10031019896268845, 0.10154550522565842, 0.10161716490983963, 0.10263434052467346, 0.10331850498914719, 0.10377036780118942, 0.10302349925041199, 0.10417146235704422, 0.10433425009250641, 0.10431291162967682, 0.10502994060516357, 0.10546179860830307, 0.105399951338768, 0.10667382180690765, 0.10635411739349365, 0.10661142319440842, 0.10688432306051254, 0.10731441527605057, 0.10812419652938843, 0.10797324031591415, 0.10846962034702301, 0.10889795422554016, 0.10856783390045166, 0.10904968529939651, 0.10907279700040817, 0.11018233746290207, 0.10972920060157776, 0.10965060442686081, 0.11003424972295761, 0.10983531922101974, 0.1093386709690094, 0.11002989858388901, 0.10999096184968948, 0.110341876745224, 0.11030013114213943, 0.1105731949210167, 0.11098627746105194, 0.1102367714047432, 0.11085677891969681, 0.1101711317896843, 0.11087298393249512, 0.1108718067407608, 0.11072739213705063, 0.11025755852460861, 0.11082829535007477, 0.11195901036262512, 0.11108098924160004, 0.11095141619443893, 0.1112397238612175, 0.11113528162240982, 0.11119264364242554, 0.11047942191362381, 0.11137253046035767, 0.10988770425319672, 0.11119486391544342, 0.11031658947467804, 0.11015095561742783, 0.11015477776527405, 0.11042266339063644, 0.10965057462453842, 0.10894442349672318, 0.11001353710889816, 0.10971954464912415, 0.11024448275566101, 0.11013605445623398, 0.10979015380144119, 0.10940627753734589, 0.11010420322418213, 0.10936813801527023, 0.10978522896766663, 0.10986295342445374, 0.10995828360319138, 0.10986803472042084, 0.10943163931369781, 0.10992536693811417, 0.10976863652467728, 0.10912131518125534, 0.10893679410219193, 0.11007637530565262, 0.10997004806995392, 0.11061275750398636, 0.11070121824741364, 0.11051372438669205, 0.1104295626282692, 0.11020854860544205, 0.11109964549541473, 0.11083026975393295, 0.11060333251953125, 0.11046945303678513, 0.1111990362405777, 0.11119158565998077]","[0.07100661098957062, 0.07505043596029282, 0.07902710884809494, 0.08163760602474213, 0.0833815187215805, 0.08653201162815094, 0.08805721253156662, 0.08973005414009094, 0.09014327079057693, 0.09235695004463196, 0.09373609721660614, 0.09431876242160797, 0.096221923828125, 0.09611346572637558, 0.09705673158168793, 0.09873466193675995, 0.09974034875631332, 0.0996679738163948, 0.10086861997842789, 0.10094188898801804, 0.10199417173862457, 0.10270092636346817, 0.10314998775720596, 0.10234801471233368, 0.10350386798381805, 0.10371512919664383, 0.10357359796762466, 0.10429766774177551, 0.10475800186395645, 0.10471927374601364, 0.10599355399608612, 0.10566385090351105, 0.1058637946844101, 0.10617493838071823, 0.1066112145781517, 0.10737141966819763, 0.10720289498567581, 0.10769461840391159, 0.10817685723304749, 0.10773831605911255, 0.10830522328615189, 0.10825184732675552, 0.1093674823641777, 0.1088537871837616, 0.10881580412387848, 0.10926676541566849, 0.10898050665855408, 0.1085585504770279, 0.10925927013158798, 0.10909374058246613, 0.10943799465894699, 0.10945522785186768, 0.1097111701965332, 0.11017477512359619, 0.10937263816595078, 0.11000197380781174, 0.10924794524908066, 0.10996796935796738, 0.11002883315086365, 0.10981912910938263, 0.10934128612279892, 0.10994613170623779, 0.11116006225347519, 0.11013432592153549, 0.11007320135831833, 0.1104859858751297, 0.11020360887050629, 0.11023745685815811, 0.10954484343528748, 0.11050757020711899, 0.1089431568980217, 0.1102386936545372, 0.10940709710121155, 0.10917264223098755, 0.10917317867279053, 0.10951191186904907, 0.1087375059723854, 0.10799174755811691, 0.10916273295879364, 0.1087823212146759, 0.10937578231096268, 0.10922937095165253, 0.10889656096696854, 0.10846291482448578, 0.1092706099152565, 0.10844303667545319, 0.10893315821886063, 0.10897232592105865, 0.1091058999300003, 0.10899148881435394, 0.1085403710603714, 0.10910926014184952, 0.10891475528478622, 0.10825829207897186, 0.1080038845539093, 0.10926986485719681, 0.10908550024032593, 0.10981597006320953, 0.10983394086360931, 0.10972871631383896, 0.10958077758550644, 0.10935118049383163, 0.11034014075994492, 0.11007938534021378, 0.10975690931081772, 0.10964468121528625, 0.11041169613599777, 0.11042113602161407]",0.87246,0.89038,0.83353,0.86615,0.87451,0.82174,4093,1284,0.68173,0.61519,0.67412,0.68249,0.61303,0.6748
0,0.08,6,"[0.83004, 0.82098, 0.82242, 0.81236, 0.81387, 0.81382, 0.80849, 0.8157, 0.81159, 0.81325, 0.81347, 0.8185, 0.81523, 0.81376, 0.81526, 0.80904, 0.7983, 0.79343, 0.78094, 0.77083, 0.76428, 0.75888, 0.75777, 0.75216, 0.75275, 0.75365, 0.74966, 0.7527, 0.75411, 0.75149, 0.75232, 0.75143, 0.75153, 0.74929, 0.7497, 0.75304, 0.75353, 0.75727, 0.75695, 0.76287, 0.76037, 0.75792, 0.75854, 0.75558, 0.75173, 0.74982, 0.74986, 0.74783, 0.74366, 0.74653, 0.7509, 0.75482, 0.77052, 0.7762, 0.77797, 0.78066, 0.77766, 0.77724, 0.77617, 0.77566, 0.77794, 0.78785, 0.78547, 0.7828, 0.76628, 0.76341, 0.75553, 0.75185, 0.75056, 0.75565, 0.7681, 0.76633, 0.7675, 0.76908, 0.77155, 0.77401, 0.77426, 0.77554, 0.77415, 0.77604, 0.7582, 0.75823, 0.75866, 0.757, 0.75714]","[0.88382, 0.87186, 0.87516, 0.86153, 0.86261, 0.86237, 0.85571, 0.86496, 0.85914, 0.86439, 0.86251, 0.87013, 0.86465, 0.8615, 0.86514, 0.85523, 0.83042, 0.82131, 0.78677, 0.75806, 0.7339, 0.71411, 0.7075, 0.6933, 0.69259, 0.69672, 0.68714, 0.69716, 0.69997, 0.69331, 0.69228, 0.69175, 0.69295, 0.69122, 0.69267, 0.6999, 0.70592, 0.72247, 0.71069, 0.73057, 0.7241, 0.71491, 0.72047, 0.70811, 0.69262, 0.68557, 0.68133, 0.67972, 0.67281, 0.67079, 0.68349, 0.70318, 0.73755, 0.75066, 0.74892, 0.75401, 0.75035, 0.74856, 0.74858, 0.74619, 0.75003, 0.78033, 0.7875, 0.77127, 0.7433, 0.73056, 0.72068, 0.71476, 0.71435, 0.72426, 0.75108, 0.76572, 0.75938, 0.76089, 0.76647, 0.76263, 0.75438, 0.75258, 0.75144, 0.75043, 0.71462, 0.71407, 0.7154, 0.71357, 0.71338]","[0.87079, 0.86129, 0.86412, 0.85562, 0.85695, 0.85679, 0.85262, 0.85845, 0.85562, 0.85912, 0.85779, 0.86329, 0.86029, 0.85795, 0.86179, 0.85645, 0.84678, 0.84195, 0.82511, 0.80777, 0.79043, 0.77376, 0.76609, 0.75158, 0.74642, 0.75275, 0.74058, 0.75308, 0.75692, 0.74792, 0.74592, 0.74525, 0.74658, 0.74858, 0.74858, 0.75792, 0.76526, 0.78026, 0.76892, 0.78526, 0.77976, 0.77176, 0.77659, 0.76559, 0.74875, 0.74025, 0.73041, 0.72891, 0.71507, 0.70207, 0.74025, 0.76842, 0.79476, 0.80377, 0.80443, 0.80477, 0.80277, 0.80193, 0.8021, 0.8006, 0.80177, 0.81444, 0.81227, 0.80727, 0.78493, 0.77976, 0.76442, 0.75392, 0.74325, 0.74642, 0.74692, 0.74425, 0.74025, 0.73141, 0.73491, 0.73725, 0.73641, 0.73658, 0.73658, 0.73608, 0.71824, 0.71824, 0.71841, 0.71791, 0.71807]","[0.82551, 0.82694, 0.82559, 0.81529, 0.81367, 0.81368, 0.80289, 0.81632, 0.81094, 0.81068, 0.80854, 0.80718, 0.80831, 0.80832, 0.80894, 0.80367, 0.79294, 0.79014, 0.77259, 0.76809, 0.76156, 0.75565, 0.75693, 0.74942, 0.75282, 0.75117, 0.74482, 0.75226, 0.75322, 0.7507, 0.75109, 0.74939, 0.75427, 0.74656, 0.74967, 0.75052, 0.75385, 0.75616, 0.75218, 0.75647, 0.76058, 0.75471, 0.7589, 0.75794, 0.75468, 0.75302, 0.75371, 0.74919, 0.74961, 0.75627, 0.76129, 0.76363, 0.7736, 0.78689, 0.7853, 0.78769, 0.78218, 0.78773, 0.78754, 0.7838, 0.78505, 0.79887, 0.79263, 0.79535, 0.76363, 0.76936, 0.75352, 0.74991, 0.74873, 0.75401, 0.76192, 0.7666, 0.76768, 0.76011, 0.77404, 0.77583, 0.76717, 0.77528, 0.77227, 0.76383, 0.75102, 0.75793, 0.76114, 0.76108, 0.75879]","[0.87827, 0.87287, 0.8749, 0.86055, 0.86263, 0.86227, 0.84746, 0.86528, 0.85969, 0.86096, 0.85604, 0.85442, 0.85611, 0.85495, 0.85829, 0.84848, 0.81842, 0.81147, 0.77186, 0.75172, 0.72362, 0.71009, 0.70548, 0.68786, 0.69068, 0.69138, 0.68365, 0.69478, 0.69714, 0.68978, 0.68921, 0.68719, 0.69276, 0.68629, 0.6905, 0.69693, 0.70288, 0.71449, 0.70479, 0.71886, 0.71982, 0.70926, 0.71544, 0.70625, 0.69304, 0.68724, 0.6837, 0.67822, 0.67718, 0.67694, 0.69515, 0.72136, 0.74352, 0.76296, 0.75776, 0.76297, 0.75724, 0.7606, 0.76067, 0.7544, 0.75973, 0.79203, 0.79872, 0.78723, 0.74241, 0.74008, 0.7197, 0.71338, 0.71253, 0.72324, 0.74909, 0.7695, 0.76032, 0.76127, 0.76834, 0.7651, 0.75428, 0.75388, 0.75085, 0.74368, 0.70843, 0.71086, 0.71652, 0.71572, 0.71062]","[0.86926, 0.86304, 0.86459, 0.85603, 0.85914, 0.85992, 0.85058, 0.8607, 0.85759, 0.85914, 0.85603, 0.85681, 0.85759, 0.85681, 0.85992, 0.85525, 0.8428, 0.83969, 0.8179, 0.80467, 0.7821, 0.77121, 0.76342, 0.74397, 0.74008, 0.74475, 0.7323, 0.75019, 0.75486, 0.74241, 0.7393, 0.74008, 0.74241, 0.74163, 0.74475, 0.75642, 0.76342, 0.77354, 0.76498, 0.77821, 0.77665, 0.76887, 0.77354, 0.76498, 0.74786, 0.73774, 0.72296, 0.72062, 0.71284, 0.71362, 0.75253, 0.78444, 0.80078, 0.81167, 0.81089, 0.81245, 0.81012, 0.81089, 0.81089, 0.80778, 0.80934, 0.82412, 0.82257, 0.81946, 0.78911, 0.78911, 0.76498, 0.75019, 0.74319, 0.74786, 0.75097, 0.74942, 0.74708, 0.73696, 0.73463, 0.73696, 0.73385, 0.73619, 0.73619, 0.7323, 0.71673, 0.71829, 0.71984, 0.71984, 0.71829]","[0.06782252341508865, 0.07191791385412216, 0.07518737763166428, 0.07721539586782455, 0.07962609827518463, 0.08215449750423431, 0.08349889516830444, 0.0857357308268547, 0.08688999712467194, 0.088393934071064, 0.08979002386331558, 0.09131215512752533, 0.09279429167509079, 0.09422984719276428, 0.0953613892197609, 0.09614437073469162, 0.09771609306335449, 0.09920594841241837, 0.09965161234140396, 0.10083381086587906, 0.10157421231269836, 0.10258746892213821, 0.10432978719472885, 0.10354013741016388, 0.1045970469713211, 0.1056799590587616, 0.105301633477211, 0.10648784786462784, 0.1070832684636116, 0.10769904404878616, 0.10836808383464813, 0.10793913900852203, 0.1085335835814476, 0.10785126686096191, 0.10818289965391159, 0.10862376540899277, 0.1092635840177536, 0.10946059226989746, 0.10994556546211243, 0.11021947115659714, 0.1108369454741478, 0.11086062341928482, 0.11079496145248413, 0.11116994917392731, 0.11028288304805756, 0.11120059341192245, 0.11179236322641373, 0.11175016313791275, 0.11042498052120209, 0.11079496145248413, 0.11206650733947754, 0.110832080245018, 0.11132661998271942, 0.11218293011188507, 0.11118797212839127, 0.1125631183385849, 0.11150605231523514, 0.1108725294470787, 0.11218094825744629, 0.11171194911003113, 0.1133260652422905, 0.11290567368268967, 0.1124742403626442, 0.11277861893177032, 0.11113998293876648, 0.11326370388269424, 0.11216219514608383, 0.11195622384548187, 0.11264700442552567, 0.11347529292106628, 0.11262070387601852, 0.11354107409715652, 0.11363761126995087, 0.11364169418811798, 0.11396040767431259, 0.11357518285512924, 0.11360219120979309, 0.11442213505506516, 0.11316180229187012, 0.11349568516016006, 0.11429706960916519, 0.11331046372652054, 0.11417140066623688, 0.11290588229894638, 0.1137431263923645]","[0.0675058662891388, 0.07154655456542969, 0.0747700110077858, 0.07676233351230621, 0.07915042340755463, 0.08167164027690887, 0.08299562335014343, 0.08524032682180405, 0.08631036430597305, 0.08783774822950363, 0.08916551619768143, 0.09071825444698334, 0.09224012494087219, 0.09362280368804932, 0.09476160258054733, 0.09553441405296326, 0.09707755595445633, 0.09857155382633209, 0.09894752502441406, 0.10018040984869003, 0.10091617703437805, 0.10186229646205902, 0.10360141843557358, 0.10276482999324799, 0.1039208322763443, 0.10496688634157181, 0.1044074296951294, 0.10569112747907639, 0.10620460659265518, 0.10687095671892166, 0.10753214359283447, 0.10707713663578033, 0.10769815742969513, 0.10686586052179337, 0.10718623548746109, 0.10764249414205551, 0.10831676423549652, 0.10852444916963577, 0.10887350142002106, 0.1092209666967392, 0.10992477089166641, 0.10985089838504791, 0.10987488180398941, 0.11018750071525574, 0.10936162620782852, 0.11026516556739807, 0.11087164282798767, 0.11072784662246704, 0.10935146361589432, 0.10982675850391388, 0.11108430474996567, 0.10975075513124466, 0.11029220372438431, 0.11125174909830093, 0.11017879843711853, 0.11151884496212006, 0.11044873297214508, 0.10981392115354538, 0.11113456636667252, 0.11065807193517685, 0.1123802587389946, 0.111870177090168, 0.11143899708986282, 0.11174867302179337, 0.11000736802816391, 0.11215682327747345, 0.1111319363117218, 0.11092837899923325, 0.11165463924407959, 0.11255533248186111, 0.11156352609395981, 0.11267556250095367, 0.11265379935503006, 0.11253104358911514, 0.11295828968286514, 0.11255303025245667, 0.11260024458169937, 0.11345815658569336, 0.11214302480220795, 0.11240317672491074, 0.11322741955518723, 0.11234340816736221, 0.11319685727357864, 0.11196957528591156, 0.11274131387472153]",0.87079,0.88382,0.83004,0.86926,0.87827,0.82551,3531,1008,0.71807,0.71338,0.75714,0.71829,0.71062,0.75879
0,0.04,5,"[0.78552, 0.79184, 0.79301, 0.79261, 0.79182, 0.79081, 0.78833, 0.78806, 0.78663, 0.7861, 0.78549, 0.78568, 0.78128, 0.78315, 0.78207, 0.77711, 0.78057, 0.78195, 0.77742, 0.77717, 0.77604, 0.77712, 0.77724, 0.77602, 0.7781, 0.77657, 0.77519, 0.77782, 0.77326, 0.77551, 0.7786, 0.77483, 0.77569, 0.77629, 0.77504, 0.77625, 0.77788, 0.77623, 0.77406, 0.77552, 0.77424, 0.77426, 0.77431, 0.7745, 0.77458, 0.77484, 0.77229, 0.77108, 0.77346, 0.77322, 0.77184, 0.77274, 0.77146, 0.77201, 0.77239, 0.77402, 0.76943, 0.76892, 0.76875, 0.76674, 0.76378, 0.76352, 0.75912, 0.75588, 0.75062, 0.74576, 0.74317, 0.74281, 0.74592, 0.74824, 0.74945, 0.7521, 0.74954, 0.74978, 0.74958, 0.75193, 0.7524, 0.74902, 0.75306, 0.75347, 0.74755, 0.75121, 0.75407, 0.74877, 0.75587, 0.75024, 0.74791, 0.7483]","[0.77687, 0.77534, 0.77846, 0.77652, 0.77577, 0.77435, 0.77297, 0.77327, 0.77115, 0.77019, 0.76841, 0.76762, 0.76524, 0.76403, 0.76161, 0.75575, 0.76163, 0.7636, 0.75579, 0.75475, 0.75233, 0.75175, 0.75367, 0.74758, 0.751, 0.75063, 0.74987, 0.75264, 0.74325, 0.74786, 0.74968, 0.74855, 0.74973, 0.75065, 0.74879, 0.75004, 0.7511, 0.75027, 0.74663, 0.7495, 0.74389, 0.7468, 0.74623, 0.74541, 0.74604, 0.74882, 0.74422, 0.7424, 0.74302, 0.74451, 0.74286, 0.74712, 0.74401, 0.74079, 0.74359, 0.74631, 0.73964, 0.74104, 0.73799, 0.73853, 0.73316, 0.73364, 0.72731, 0.72249, 0.71661, 0.71153, 0.70715, 0.70345, 0.7057, 0.70714, 0.70674, 0.70856, 0.70641, 0.70595, 0.70884, 0.70947, 0.71, 0.70521, 0.7097, 0.71322, 0.70696, 0.70876, 0.71334, 0.70897, 0.71702, 0.71087, 0.70833, 0.70848]","[0.81577, 0.81677, 0.81744, 0.81711, 0.81694, 0.81661, 0.81661, 0.81661, 0.81594, 0.81594, 0.81511, 0.81511, 0.8146, 0.8146, 0.81344, 0.8121, 0.81377, 0.8141, 0.81244, 0.81194, 0.81177, 0.81127, 0.81177, 0.8101, 0.81077, 0.8111, 0.80994, 0.8111, 0.80844, 0.80927, 0.80994, 0.80944, 0.8096, 0.80977, 0.8091, 0.80927, 0.8091, 0.80927, 0.80794, 0.80827, 0.8066, 0.80727, 0.80727, 0.80694, 0.80677, 0.8066, 0.8051, 0.80443, 0.8046, 0.80477, 0.80377, 0.8041, 0.8031, 0.80227, 0.80243, 0.80343, 0.80027, 0.79993, 0.79877, 0.79677, 0.79393, 0.79226, 0.78593, 0.77976, 0.77159, 0.75725, 0.72858, 0.72357, 0.7109, 0.71324, 0.71424, 0.71541, 0.71524, 0.71507, 0.71607, 0.71607, 0.71624, 0.7149, 0.71641, 0.71724, 0.71574, 0.71624, 0.71724, 0.71641, 0.71807, 0.71707, 0.71607, 0.71624]","[0.78329, 0.79149, 0.78958, 0.78292, 0.78991, 0.79112, 0.78606, 0.77968, 0.78683, 0.7862, 0.77721, 0.77943, 0.77639, 0.77832, 0.78083, 0.77807, 0.77762, 0.77949, 0.77756, 0.78266, 0.77841, 0.77608, 0.77904, 0.77408, 0.77858, 0.77619, 0.78005, 0.78113, 0.77388, 0.77226, 0.77687, 0.7781, 0.78223, 0.78223, 0.77791, 0.77816, 0.78317, 0.78013, 0.78064, 0.78141, 0.77003, 0.77946, 0.78, 0.77518, 0.77677, 0.78055, 0.77952, 0.77798, 0.78111, 0.78198, 0.77861, 0.77687, 0.77915, 0.77538, 0.78011, 0.77936, 0.77468, 0.77284, 0.77161, 0.7693, 0.76834, 0.76498, 0.76554, 0.75721, 0.75062, 0.7486, 0.73976, 0.73973, 0.74494, 0.7496, 0.75261, 0.75121, 0.74539, 0.74312, 0.74774, 0.74894, 0.7463, 0.74615, 0.75277, 0.7457, 0.74489, 0.74432, 0.74306, 0.74759, 0.74754, 0.74633, 0.74432, 0.74386]","[0.77665, 0.77774, 0.77959, 0.77426, 0.77748, 0.77736, 0.77452, 0.77207, 0.77457, 0.77374, 0.76905, 0.76643, 0.76482, 0.76518, 0.76539, 0.76315, 0.76413, 0.76504, 0.76156, 0.76393, 0.76061, 0.75309, 0.75811, 0.74769, 0.75561, 0.75177, 0.75433, 0.75953, 0.74409, 0.7462, 0.74882, 0.75162, 0.75848, 0.75848, 0.75431, 0.75475, 0.76049, 0.75687, 0.75473, 0.75892, 0.73935, 0.75547, 0.75518, 0.74838, 0.75084, 0.75596, 0.75267, 0.75127, 0.75219, 0.75576, 0.75103, 0.75418, 0.75393, 0.74532, 0.75402, 0.75479, 0.7485, 0.74816, 0.74377, 0.74525, 0.74131, 0.73862, 0.73751, 0.72788, 0.71978, 0.71916, 0.70876, 0.70262, 0.70521, 0.70978, 0.71074, 0.71072, 0.70446, 0.70312, 0.71056, 0.71085, 0.70878, 0.70425, 0.71249, 0.71056, 0.70741, 0.70767, 0.70849, 0.70958, 0.7137, 0.71041, 0.70767, 0.70712]","[0.81712, 0.8179, 0.81868, 0.81712, 0.8179, 0.8179, 0.8179, 0.81712, 0.8179, 0.8179, 0.81634, 0.81634, 0.81556, 0.81556, 0.81556, 0.81479, 0.81479, 0.81556, 0.81634, 0.81556, 0.81479, 0.81323, 0.81479, 0.81167, 0.81401, 0.81323, 0.81401, 0.81479, 0.81089, 0.81089, 0.81167, 0.81323, 0.81479, 0.81479, 0.81323, 0.81323, 0.81479, 0.81401, 0.81401, 0.81479, 0.80856, 0.81401, 0.81401, 0.81089, 0.81167, 0.81245, 0.81167, 0.81089, 0.81167, 0.81245, 0.81012, 0.81089, 0.81089, 0.80856, 0.81089, 0.81089, 0.80856, 0.80623, 0.80467, 0.80311, 0.80233, 0.8, 0.79689, 0.78755, 0.77665, 0.76732, 0.73152, 0.72374, 0.71362, 0.71595, 0.71751, 0.71751, 0.71595, 0.71518, 0.71751, 0.71751, 0.71673, 0.71595, 0.71829, 0.71751, 0.71673, 0.71673, 0.71673, 0.71751, 0.71829, 0.71751, 0.71673, 0.71673]","[0.06446577608585358, 0.06837224960327148, 0.07240830361843109, 0.0751243531703949, 0.07843121141195297, 0.0809522420167923, 0.0824364572763443, 0.08354801684617996, 0.08714073896408081, 0.08827419579029083, 0.09003095328807831, 0.09130489081144333, 0.09253271669149399, 0.09391413629055023, 0.09533117711544037, 0.0960724800825119, 0.09745175391435623, 0.09879991412162781, 0.09895329177379608, 0.10050055384635925, 0.10058283060789108, 0.10128864645957947, 0.10208547860383987, 0.10298056155443192, 0.1035497784614563, 0.10397570580244064, 0.10502501577138901, 0.10603363811969757, 0.10596325993537903, 0.10677880048751831, 0.10824858397245407, 0.10824979841709137, 0.10882457345724106, 0.10914012789726257, 0.10985371470451355, 0.11031483858823776, 0.11151400953531265, 0.11135529726743698, 0.1112317219376564, 0.1123218834400177, 0.11157076805830002, 0.1131136491894722, 0.1124788299202919, 0.11241142451763153, 0.11360865831375122, 0.11479146033525467, 0.11430825293064117, 0.11418461054563522, 0.11468861252069473, 0.11537972837686539, 0.11502405256032944, 0.11658240854740143, 0.1162915825843811, 0.11549761891365051, 0.11697491258382797, 0.11747222393751144, 0.11739639192819595, 0.11756576597690582, 0.11715839803218842, 0.11844594776630402, 0.11760814487934113, 0.11794236302375793, 0.11871205270290375, 0.11886090785264969, 0.11835253238677979, 0.1194758415222168, 0.11923100054264069, 0.11899266391992569, 0.11929802596569061, 0.11937449127435684, 0.11995795369148254, 0.12063532322645187, 0.12012390047311783, 0.12008090317249298, 0.12090528011322021, 0.12124442309141159, 0.1217200756072998, 0.12138242274522781, 0.12165887653827667, 0.12260622531175613, 0.12244995683431625, 0.1230379194021225, 0.12399926036596298, 0.12337139248847961, 0.12517626583576202, 0.12435808032751083, 0.12468210607767105, 0.12520326673984528]","[0.06422580033540726, 0.06808435171842575, 0.07210129499435425, 0.07477091997861862, 0.07809936255216599, 0.08062604069709778, 0.08196957409381866, 0.08301029354333878, 0.08668221533298492, 0.08776529878377914, 0.08949021250009537, 0.09078704565763474, 0.09194506704807281, 0.09336312115192413, 0.09476431459188461, 0.09547574818134308, 0.09683860838413239, 0.0981907919049263, 0.09828078001737595, 0.09987121820449829, 0.09986773133277893, 0.10054424405097961, 0.10134607553482056, 0.10226143896579742, 0.1027570590376854, 0.10315613448619843, 0.10420073568820953, 0.10525250434875488, 0.10507988184690475, 0.10597730427980423, 0.10744959861040115, 0.1073773130774498, 0.10798380523920059, 0.10821247845888138, 0.10900842398405075, 0.10937080532312393, 0.11065375804901123, 0.11034870147705078, 0.1101447194814682, 0.1113787367939949, 0.11054570972919464, 0.11213560402393341, 0.1114131435751915, 0.11132986843585968, 0.11258824914693832, 0.11385782063007355, 0.11326973140239716, 0.11307264864444733, 0.11352882534265518, 0.11429465562105179, 0.11387164890766144, 0.11559506505727768, 0.11516685783863068, 0.11423014849424362, 0.1158263236284256, 0.11631253361701965, 0.11619589477777481, 0.11641326546669006, 0.11589697748422623, 0.11729519069194794, 0.1163930892944336, 0.11661144345998764, 0.1175934448838234, 0.11772183328866959, 0.11711304634809494, 0.11829513311386108, 0.11808963119983673, 0.11773879826068878, 0.11806032806634903, 0.11814159899950027, 0.11869027465581894, 0.11950337141752243, 0.1188386082649231, 0.11883022636175156, 0.11970740556716919, 0.12002003192901611, 0.12055177241563797, 0.12018678337335587, 0.12038470059633255, 0.12139422446489334, 0.12127037346363068, 0.12179339677095413, 0.12290266156196594, 0.12211693078279495, 0.12405619025230408, 0.12315412610769272, 0.12351366132497787, 0.12403596192598343]",0.81577,0.77687,0.78552,0.81712,0.77665,0.78329,5440,1044,0.71624,0.70848,0.7483,0.71673,0.70712,0.74386
