dropout,noise,lr,batch_size,temperature,loss,val_loss,res,clusters,NMI final,ARI final,CA final,val_NMI final,val_ARI final,val_CA final,final_loss,final_val_loss
0.1,0,0.4,512,0.07,"[63.97740840911865, 52.37141156196594, 38.77553153038025, 25.860406637191772, 18.38092589378357, 13.506195783615112, 10.364851653575897, 8.681965351104736, 7.57840883731842, 6.6477373242378235, 6.049764424562454, 5.4153405129909515, 5.0017251670360565, 4.658455938100815, 4.496094822883606, 4.310001403093338, 4.139470249414444, 3.9749220311641693, 3.9989755153656006, 3.808403268456459, 3.7897974252700806, 3.7527823448181152, 3.7293807715177536, 3.737958699464798, 3.7011403292417526, 3.639777824282646, 3.7296074628829956, 3.7591642588377, 3.697268307209015, 3.6757994890213013, 3.6252586245536804]","[13.90712022781372, 10.782061576843262, 7.414942264556885, 5.1299067735672, 3.8085038661956787, 2.9516587257385254, 2.5459325313568115, 2.237182706594467, 2.083070546388626, 1.7927581369876862, 1.763541340827942, 1.669422835111618, 1.5472812950611115, 1.5030043125152588, 1.442067801952362, 1.4203085899353027, 1.3758302330970764, 1.3460458815097809, 1.357047289609909, 1.3356210589408875, 1.332343429327011, 1.3239426612854004, 1.2923516929149628, 1.2961317598819733, 1.3005887866020203, 1.3164841830730438, 1.2228167951107025, 1.33215993642807, 1.30155548453331, 1.3224743902683258, 1.315900593996048]",0.4,4,0.6404,0.64759,0.75492,0.60203,0.62645,0.74553,3.6252586245536804,1.315900593996048
0.1,0,0.4,512,0.07,"[62.91928720474243, 49.51715898513794, 35.74263119697571, 23.73112118244171, 16.194258868694305, 11.780559659004211, 9.238603472709656, 7.703291118144989, 6.582169055938721, 5.950510680675507, 5.426368981599808, 4.8678103387355804, 4.575947970151901, 4.265732318162918, 4.040289998054504, 3.913084328174591, 3.8200535029172897, 3.6768248826265335, 3.595708653330803, 3.487442299723625, 3.498403415083885, 3.438011959195137, 3.362238198518753, 3.3583685904741287, 3.443684011697769, 3.288782924413681, 3.368679702281952, 3.3611177653074265, 3.300513356924057, 3.355829268693924, 3.3925538659095764, 3.3124403953552246, 3.3552915304899216, 3.263915315270424]","[13.373516082763672, 9.97595500946045, 6.689096927642822, 4.675722360610962, 3.462487578392029, 2.709359288215637, 2.305724263191223, 2.017612546682358, 1.8612518012523651, 1.6875499188899994, 1.6676040589809418, 1.5109445452690125, 1.49119633436203, 1.381133258342743, 1.2903720438480377, 1.3006443679332733, 1.234212189912796, 1.2367694079875946, 1.2106437683105469, 1.2176916003227234, 1.1875370740890503, 1.1959955990314484, 1.2005732357501984, 1.167483612895012, 1.1764344573020935, 1.1549016535282135, 1.171686977148056, 1.1989818513393402, 1.185300588607788, 1.1470502614974976, 1.2009501159191132, 1.155572533607483, 1.1753688752651215, 1.200999766588211]",0.4,4,0.62696,0.61594,0.74592,0.65522,0.65931,0.76187,3.263915315270424,1.200999766588211
0.1,0,0.4,512,0.07,"[60.76073932647705, 42.422364234924316, 26.304001927375793, 16.94592809677124, 11.779491424560547, 8.705536931753159, 6.790622174739838, 5.493662595748901, 4.750266373157501, 4.238646328449249, 3.844700336456299, 3.518598288297653, 3.3217324763536453, 3.1071774810552597, 2.9619104117155075, 2.8705012500286102, 2.815568834543228, 2.7516954243183136, 2.6912404000759125, 2.593653380870819, 2.6057267636060715, 2.6028001606464386]","[12.23235273361206, 7.654719591140747, 4.940570831298828, 3.5349010825157166, 2.6473748683929443, 2.0968454778194427, 1.8339462876319885, 1.4815955758094788, 1.385747343301773, 1.2804933786392212, 1.303738921880722, 1.171871930360794, 1.1353337168693542, 1.0693632513284683, 1.0287437438964844, 1.0157916843891144, 1.0348061621189117, 0.9418645352125168, 0.9697141200304031, 0.9845060110092163, 1.020426020026207, 0.9483695477247238]",0.5,5,0.66444,0.69087,0.78276,0.62635,0.65685,0.76498,2.6028001606464386,0.9483695477247238
0.1,0,0.4,512,0.07,"[63.58689260482788, 50.269405364990234, 38.261310338974, 28.5256210565567, 20.191977739334106, 14.31631863117218, 10.888153195381165, 8.776289403438568, 7.6786554753780365, 6.778145432472229, 6.340906113386154, 5.871508151292801, 5.486888349056244, 5.121855586767197, 4.891921252012253, 4.5786221623420715, 4.487253755331039, 4.353398710489273, 4.252695232629776, 4.131609320640564, 4.0072773694992065, 4.072672724723816, 3.9013712406158447]","[13.623993873596191, 10.359667301177979, 7.673901796340942, 5.5871806144714355, 4.053210139274597, 3.24866259098053, 2.726806104183197, 2.4173866510391235, 2.1738818287849426, 2.0025618374347687, 1.95720174908638, 1.8465277254581451, 1.758029729127884, 1.7359745800495148, 1.5591824352741241, 1.5640298426151276, 1.586702585220337, 1.524629384279251, 1.4357369244098663, 1.4999748468399048, 1.4385586380958557, 1.4380227625370026, 1.4536102414131165]",0.5,5,0.65478,0.68533,0.77959,0.65732,0.69681,0.77743,3.9013712406158447,1.4536102414131165
0.2,0,0.4,512,0.07,"[41.9939820766449, 22.081836700439453, 15.743075013160706, 12.35363394021988, 10.211637020111084, 8.718761265277863, 7.668392241001129, 6.929445862770081, 6.291518181562424, 5.929027408361435, 5.492754340171814, 5.202843576669693, 4.908575177192688, 4.762495040893555, 4.584560722112656, 4.441045582294464, 4.270840972661972, 4.1649191081523895]","[6.531277418136597, 4.542747735977173, 3.716119408607483, 3.1258813738822937, 2.809705078601837, 2.610105514526367, 2.3487667441368103, 2.2082022428512573, 2.06654754281044, 1.9836898446083069, 1.8756061792373657, 1.8804896473884583, 1.844295471906662, 1.6870585978031158, 1.7684808671474457, 1.758896380662918, 1.6925515234470367, 1.689645528793335]",0.3,6,0.84593,0.90173,0.88096,0.72122,0.77547,0.82179,4.1649191081523895,1.689645528793335
0.2,0,0.4,512,0.07,"[47.329742431640625, 26.237796545028687, 17.967707633972168, 14.003036499023438, 11.313952565193176, 9.663225173950195, 8.276326894760132, 7.529935956001282, 6.935480445623398, 6.455311566591263, 5.8296812772750854, 5.431465953588486, 5.13444858789444, 4.995124071836472, 4.740646839141846, 4.623640179634094, 4.477470695972443, 4.222959488630295, 4.398845046758652, 4.179410427808762, 4.135022699832916, 3.9785724580287933, 4.057276517152786, 4.027593821287155, 4.01531195640564, 3.9171155095100403, 3.966355800628662, 3.9334405958652496, 3.970893368124962]","[7.506335020065308, 5.321410655975342, 4.085193634033203, 3.3932058215141296, 2.97749000787735, 2.6062779426574707, 2.52681428194046, 2.2830893993377686, 2.1132724285125732, 2.211656928062439, 1.9746357202529907, 1.8794547021389008, 1.9108278155326843, 1.8308298587799072, 1.777822881937027, 1.6607175171375275, 1.770997703075409, 1.610585629940033, 1.6492992341518402, 1.65034419298172, 1.5879932045936584, 1.6328584849834442, 1.6728916466236115, 1.6815583109855652, 1.5576744079589844, 1.5977928638458252, 1.634566068649292, 1.5963501334190369, 1.6148114204406738]",0.3,6,0.83669,0.89474,0.87879,0.69061,0.7609,0.81323,3.970893368124962,1.6148114204406738
0.2,0,0.4,512,0.07,"[41.32872414588928, 21.246540546417236, 15.307813286781311, 11.747445821762085, 10.12603497505188, 8.558831870555878, 7.586517125368118, 6.917186468839645, 6.425422221422195, 5.909274637699127, 5.548275202512741, 5.2378349006175995, 4.9749676287174225, 4.780438125133514, 4.5087767243385315, 4.417608797550201, 4.400418311357498, 4.271719962358475, 4.202573835849762, 4.022648200392723, 3.9764999747276306, 4.029731333255768, 3.9888595044612885, 3.9573113322257996]","[6.381814241409302, 4.518720626831055, 3.741849184036255, 3.2468866109848022, 2.884446144104004, 2.614599347114563, 2.4208147525787354, 2.3110867738723755, 2.068776249885559, 2.0904919505119324, 1.9911333620548248, 2.0112472772598267, 1.840152084827423, 1.9237541556358337, 1.8365527987480164, 1.8515081405639648, 1.7633351683616638, 1.6913543939590454, 1.7212094962596893, 1.5688765943050385, 1.6444531679153442, 1.68014857172966, 1.7715588212013245, 1.7174932658672333]",0.4,6,0.8491,0.90087,0.88296,0.75239,0.817,0.84125,3.9573113322257996,1.7174932658672333
0.2,0,0.4,512,0.07,"[43.44379019737244, 22.962658762931824, 15.893157839775085, 12.639882445335388, 10.336812317371368, 8.949793219566345, 7.849422872066498, 6.949318677186966, 6.30913832783699, 5.891315221786499, 5.586899608373642, 5.162256121635437, 4.941754072904587, 4.583051085472107, 4.45544570684433, 4.422867298126221, 4.220763236284256, 4.103387236595154, 4.094881847500801, 4.0008494555950165, 3.953651547431946, 3.859690174460411, 3.86259189248085, 3.8671567142009735, 3.8040290027856827, 3.72608482837677, 3.761693447828293, 3.8034476935863495]","[6.856739640235901, 4.661709189414978, 3.8551108837127686, 3.2315468192100525, 2.875222623348236, 2.5837591886520386, 2.2984278798103333, 2.217102348804474, 2.101524293422699, 1.980044573545456, 1.9926195740699768, 1.865081399679184, 1.7283916473388672, 1.7363073229789734, 1.701133131980896, 1.733935534954071, 1.666258156299591, 1.7654564678668976, 1.6262730360031128, 1.605065256357193, 1.6542187333106995, 1.615398794412613, 1.6010242998600006, 1.5318404734134674, 1.5429866313934326, 1.5931565761566162, 1.6498533189296722, 1.5341946482658386]",0.3,6,0.84986,0.90608,0.88313,0.71564,0.76975,0.82101,3.8034476935863495,1.5341946482658386
0.3,0,0.4,512,0.07,"[57.88019585609436, 40.86651945114136, 32.07957887649536, 26.137348413467407, 22.5420264005661, 20.127527117729187, 17.789520978927612, 16.742398023605347, 15.41759181022644, 14.333153009414673, 13.519750952720642, 12.878532111644745, 12.248570322990417, 11.851926386356354, 11.474805116653442, 11.251407504081726, 10.694831728935242, 10.78657853603363, 10.529853701591492, 10.278022646903992, 10.221259534358978, 10.276641964912415, 10.007813394069672, 10.068216264247894, 10.00627464056015, 10.087890565395355, 10.050580561161041, 9.925796568393707, 10.032726287841797, 9.746439754962921, 10.001057744026184, 9.959071457386017, 9.824021339416504]","[11.167069911956787, 8.853404760360718, 7.2014195919036865, 6.364334464073181, 5.630305528640747, 5.163360834121704, 4.917802333831787, 4.445403337478638, 4.384777784347534, 4.125813603401184, 4.132812738418579, 3.898193836212158, 4.020470857620239, 3.8889975547790527, 3.775140166282654, 3.69165962934494, 3.640676200389862, 3.609399676322937, 3.6575204133987427, 3.612456738948822, 3.46201092004776, 3.627512514591217, 3.481315493583679, 3.5810739398002625, 3.4356340765953064, 3.499503970146179, 3.4661479592323303, 3.5726541876792908, 3.371252477169037, 3.560951888561249, 3.479120671749115, 3.380866765975952, 3.5071634650230408]",0.2,6,0.84736,0.89929,0.87096,0.80863,0.86865,0.85914,9.824021339416504,3.5071634650230408
0.3,0,0.4,512,0.07,"[47.62822413444519, 30.894194722175598, 24.721919417381287, 21.40131986141205, 18.54964590072632, 17.035780906677246, 15.475666880607605, 14.405080318450928, 13.306066274642944, 12.737755239009857, 11.87492173910141, 11.538030207157135, 11.026329815387726, 10.49582588672638, 10.335745751857758, 10.087674140930176, 9.923724174499512, 9.682484686374664, 9.403487980365753, 9.469474911689758, 9.098401844501495, 8.976688027381897, 9.026348769664764, 8.97418749332428, 8.765959739685059]","[8.542006015777588, 6.811379790306091, 5.896293997764587, 5.306154251098633, 4.880321741104126, 4.559588432312012, 4.339328050613403, 4.317608952522278, 3.9171929359436035, 3.960383415222168, 3.6340569853782654, 3.66300106048584, 3.5198457837104797, 3.4489241242408752, 3.528259515762329, 3.3598520159721375, 3.3151448369026184, 3.3021402955055237, 3.342330813407898, 3.2142432928085327, 3.12504118680954, 3.292891502380371, 3.2528185844421387, 3.184838056564331, 3.2080858945846558]",0.3,7,0.87113,0.92236,0.89296,0.76115,0.81996,0.8428,8.765959739685059,3.2080858945846558
0.3,0,0.4,512,0.07,"[54.26581573486328, 36.60487675666809, 29.0095534324646, 24.03725790977478, 21.11025631427765, 18.76691973209381, 16.8832688331604, 15.383933186531067, 14.541920840740204, 13.634872615337372, 12.741319179534912, 12.122569739818573, 11.46711379289627, 11.301391124725342, 10.965678751468658, 10.55324000120163, 10.209907591342926, 10.051328778266907, 9.926030695438385, 9.837059617042542, 9.665343999862671, 9.556490957736969, 9.528952479362488]","[9.861281633377075, 8.07133936882019, 6.737910270690918, 5.964548230171204, 5.309155702590942, 5.092215180397034, 4.630298972129822, 4.46655547618866, 4.17279589176178, 4.149575471878052, 4.046222448348999, 3.7916980981826782, 3.726097524166107, 3.7708975076675415, 3.685861647129059, 3.6604373455047607, 3.5138967037200928, 3.463156282901764, 3.344761848449707, 3.4092166423797607, 3.4476298689842224, 3.3901332020759583, 3.415512263774872]",0.2,6,0.86885,0.91714,0.8893,0.73142,0.78145,0.82802,9.528952479362488,3.415512263774872
0.3,0,0.4,512,0.07,"[49.369258880615234, 31.830272912979126, 25.59567093849182, 21.629400610923767, 19.159433960914612, 17.52996790409088, 15.683488368988037, 14.952039957046509, 13.873160064220428, 13.020849704742432, 12.395164668560028, 11.880803108215332, 11.514340102672577, 10.881236016750336, 10.394092977046967, 10.33503121137619, 10.087609827518463, 9.783427357673645, 9.692253053188324, 9.503212451934814, 9.401371896266937, 9.395321607589722]","[9.006556272506714, 7.266118049621582, 6.021275281906128, 5.6084102392196655, 5.067327380180359, 4.517504572868347, 4.497543811798096, 4.185592889785767, 4.115868389606476, 3.985260844230652, 3.7811880707740784, 3.8465189933776855, 3.677553653717041, 3.630822539329529, 3.509863257408142, 3.472700595855713, 3.5508683919906616, 3.2516578435897827, 3.2903494238853455, 3.356904089450836, 3.3470144867897034, 3.2898077964782715]",0.2,6,0.86854,0.92309,0.88946,0.79518,0.85145,0.85914,9.395321607589722,3.2898077964782715
0.4,0,0.4,512,0.07,"[71.00371646881104, 59.079848289489746, 52.387893199920654, 46.58146262168884, 42.07313394546509, 37.589922189712524, 34.54266428947449, 32.21370816230774, 30.33753776550293, 28.72398328781128, 27.644712448120117, 26.476451992988586, 25.358131766319275, 24.55216133594513, 24.196645855903625, 23.51077091693878, 22.964672088623047, 22.65088927745819, 22.079185962677002, 21.95479667186737, 21.678369402885437, 21.561128616333008, 21.307353973388672, 21.17591905593872, 20.98190402984619, 21.329271912574768, 20.83145272731781, 20.95809245109558, 20.87617838382721, 20.952722907066345]","[15.012076377868652, 13.39868974685669, 11.812172412872314, 10.527015447616577, 9.51491904258728, 8.658808469772339, 8.322982788085938, 8.01615023612976, 7.76657509803772, 7.57646918296814, 7.031984806060791, 7.135635852813721, 6.624774813652039, 6.729198098182678, 6.616764545440674, 6.31928825378418, 6.27892792224884, 6.180586457252502, 6.168627023696899, 6.225758671760559, 6.2234050035476685, 6.144097685813904, 6.088388085365295, 6.121652603149414, 6.038373589515686, 5.878245115280151, 6.173999071121216, 6.051599621772766, 6.100355267524719, 5.9657065868377686]",0.09,6,0.8732,0.91694,0.89146,0.83527,0.89057,0.87082,20.952722907066345,5.9657065868377686
0.4,0,0.4,512,0.07,"[70.0563735961914, 58.32696342468262, 52.135655879974365, 46.932018995285034, 42.59370279312134, 39.20305562019348, 36.559759855270386, 33.673694133758545, 31.813923597335815, 30.52525782585144, 28.87849235534668, 27.754247665405273, 27.064186573028564, 26.02050232887268, 25.344887852668762, 24.973227381706238, 24.265934824943542, 24.07054901123047, 23.230193614959717, 23.306737303733826, 23.019618272781372, 22.796733498573303, 23.005668878555298, 22.68813121318817, 22.77584218978882, 22.357275247573853, 22.566431879997253, 22.55578362941742, 22.790863871574402, 22.416998147964478]","[14.737036228179932, 13.144320964813232, 11.76177978515625, 10.657781839370728, 9.758625745773315, 9.328962326049805, 8.678796529769897, 8.200555324554443, 8.024757623672485, 7.447686433792114, 7.534097671508789, 6.994346976280212, 7.011212587356567, 7.03726065158844, 6.979046106338501, 6.578643441200256, 6.639662981033325, 6.766061902046204, 6.507448077201843, 6.573028802871704, 6.463656783103943, 6.300822019577026, 6.192559480667114, 6.42870569229126, 6.250434637069702, 6.188376545906067, 6.221040368080139, 6.537249803543091, 6.2710946798324585, 6.271168947219849]",0.1,6,0.87094,0.92424,0.88863,0.82963,0.89023,0.87315,22.416998147964478,6.271168947219849
0.4,0,0.4,512,0.07,"[69.87395715713501, 57.155903339385986, 50.85643792152405, 45.41293692588806, 40.63266921043396, 36.58923625946045, 34.0262668132782, 31.55259871482849, 29.844678163528442, 28.281693935394287, 27.042055249214172, 25.64964759349823, 24.930885314941406, 23.958021998405457, 23.223008513450623, 22.869497537612915, 22.476657271385193, 22.114195823669434, 21.8094402551651, 21.82516622543335, 21.41521918773651, 21.04514753818512, 21.116270303726196, 20.91318166255951, 21.02565038204193, 20.76054537296295]","[14.66291618347168, 12.833929538726807, 11.482158660888672, 10.275669574737549, 9.530488967895508, 8.909659147262573, 8.052890300750732, 7.874894857406616, 7.509035587310791, 7.388805389404297, 6.869382977485657, 7.079905867576599, 6.636070132255554, 6.535404205322266, 6.458391547203064, 6.576874256134033, 6.200147390365601, 6.064937233924866, 6.182018995285034, 6.1576608419418335, 6.052519798278809, 5.880526900291443, 5.971269369125366, 6.057172775268555, 6.066627621650696, 6.023086309432983]",0.1,5,0.83547,0.85484,0.78376,0.80661,0.83396,0.77121,20.76054537296295,6.023086309432983
0.4,0,0.4,512,0.07,"[69.02056789398193, 57.77593803405762, 51.54609036445618, 46.282745361328125, 41.63210725784302, 37.86734485626221, 34.38908410072327, 31.761298418045044, 30.264566659927368, 28.39171075820923, 27.126383066177368, 26.224785566329956, 25.214537262916565, 24.452094197273254, 23.624672889709473, 23.292611002922058, 22.628090381622314, 22.28301739692688, 22.210662126541138, 21.397693753242493, 21.147514939308167, 21.143495321273804, 21.255152702331543, 20.948690176010132, 21.064366698265076, 20.26824676990509, 20.813323497772217, 20.744621992111206, 20.89476752281189]","[14.519421100616455, 13.027023077011108, 11.779421091079712, 10.657232761383057, 9.79701018333435, 8.944778203964233, 8.388103485107422, 7.916716814041138, 7.589242219924927, 7.298890709877014, 7.188215970993042, 6.994243860244751, 6.681483149528503, 6.640926361083984, 6.517243146896362, 6.4585487842559814, 6.519804120063782, 6.3192455768585205, 6.316085457801819, 6.1433188915252686, 6.222115755081177, 6.040217757225037, 6.120932340621948, 6.195338606834412, 5.860439419746399, 6.088085651397705, 5.882602334022522, 6.171985507011414, 6.124025344848633]",0.2,7,0.88661,0.93207,0.8963,0.83934,0.8938,0.87704,20.89476752281189,6.124025344848633
0.5,0,0.4,512,0.07,"[76.83077621459961, 69.15711688995361, 64.60511636734009, 61.099382400512695, 58.16694498062134, 55.63324451446533, 53.43779277801514, 50.84632205963135, 49.34692692756653, 47.59387278556824, 46.33409833908081, 45.14353632926941, 43.98886251449585, 42.78796148300171, 42.08761978149414, 41.30998086929321, 40.800164222717285, 40.37129735946655, 39.49989295005798, 39.54029965400696, 38.84557104110718, 38.998369216918945, 38.90258169174194, 38.58575081825256, 38.579922676086426, 38.70374608039856, 38.5050253868103, 38.37213659286499, 38.22789716720581]","[17.108194828033447, 16.139453887939453, 15.066548347473145, 14.472128868103027, 13.66264820098877, 13.144668340682983, 12.505486726760864, 12.317903995513916, 11.718783140182495, 11.310590505599976, 11.24663782119751, 11.062936782836914, 10.541212320327759, 10.571577310562134, 10.357382774353027, 10.131038188934326, 9.952127933502197, 10.198107719421387, 9.945445775985718, 9.900046110153198, 9.851587533950806, 9.713032484054565, 9.73826813697815, 9.699329137802124, 9.483074188232422, 9.659954309463501, 9.703031539916992, 9.881516695022583, 9.594347715377808]",0.07,6,0.88591,0.93159,0.8933,0.84187,0.90037,0.87704,38.22789716720581,9.594347715377808
0.5,0,0.4,512,0.07,"[76.894522190094, 69.71157646179199, 64.7668628692627, 60.96335697174072, 57.54584503173828, 55.06302547454834, 52.92068862915039, 50.97770953178406, 49.144808530807495, 47.729525327682495, 46.03351902961731, 44.74239420890808, 43.568106174468994, 42.84088850021362, 41.93266487121582, 40.634154319763184, 40.21245551109314, 39.595932722091675, 39.36085820198059, 39.11928200721741, 38.700050354003906, 38.42007851600647, 38.5913565158844, 38.09379291534424, 38.48086190223694, 37.94593334197998, 38.13302278518677, 38.294926166534424, 38.22271394729614, 37.98569965362549, 38.33838200569153]","[17.264971256256104, 16.250584602355957, 15.172286987304688, 14.351892948150635, 13.470302104949951, 13.108174562454224, 12.441803455352783, 12.108137130737305, 11.719313859939575, 11.484070539474487, 10.951355934143066, 10.844341278076172, 10.621395587921143, 10.406816005706787, 10.498347520828247, 9.95086121559143, 9.956502914428711, 9.938499689102173, 9.863022089004517, 9.631948232650757, 9.816629886627197, 9.60379934310913, 9.774335861206055, 9.649569988250732, 9.522284984588623, 9.616307258605957, 9.47171425819397, 9.640440702438354, 9.497824430465698, 9.703332901000977, 9.560753345489502]",0.06,6,0.85849,0.90785,0.87312,0.8512,0.90648,0.87704,38.33838200569153,9.560753345489502
0.5,0,0.4,512,0.07,"[76.49560260772705, 68.42206287384033, 64.25667381286621, 61.07387685775757, 58.52544975280762, 55.94629240036011, 53.57091045379639, 51.85568690299988, 49.92382597923279, 47.9888277053833, 46.70222210884094, 45.804160356521606, 44.22648859024048, 43.62931728363037, 42.33013582229614, 41.8362340927124, 41.23255157470703, 40.624619007110596, 39.89771604537964, 39.431964635849, 39.56099224090576, 38.96559405326843, 38.98484945297241, 38.6510968208313, 38.76490235328674, 39.025840520858765, 38.88736152648926, 38.39361548423767, 38.61858081817627, 38.585474729537964, 38.53293228149414]","[17.33611488342285, 15.89724349975586, 15.052298545837402, 14.408947467803955, 13.783707618713379, 13.083699464797974, 12.53165054321289, 12.325472354888916, 11.85463809967041, 11.473796367645264, 11.071593284606934, 10.960500001907349, 10.939362525939941, 10.502145051956177, 10.45015811920166, 10.128398895263672, 10.064487218856812, 10.015705347061157, 9.864240407943726, 9.866577625274658, 9.856063604354858, 9.680683135986328, 9.571046352386475, 9.810673952102661, 9.547464847564697, 9.66272521018982, 9.546820640563965, 9.771363258361816, 9.847591638565063, 9.75570821762085, 9.564801454544067]",0.08,7,0.88887,0.93471,0.89747,0.85876,0.91839,0.88405,38.53293228149414,9.564801454544067
0.5,0,0.4,512,0.07,"[76.09999561309814, 67.72539281845093, 63.68539094924927, 60.63454580307007, 57.67048788070679, 55.27612829208374, 52.670369386672974, 50.765464305877686, 48.97847104072571, 47.88420295715332, 45.87726879119873, 44.64210844039917, 43.70574116706848, 42.55540060997009, 41.854625940322876, 40.86466073989868, 40.476165533065796, 39.7497661113739, 39.25921678543091, 38.66170787811279, 38.93379497528076, 38.757339000701904, 38.15926170349121, 38.24352312088013, 38.08412218093872, 38.13072633743286, 38.08148694038391]","[16.81186866760254, 15.706350326538086, 14.91547679901123, 14.32248067855835, 13.694282054901123, 12.911763429641724, 12.40858769416809, 11.94856309890747, 11.630238771438599, 11.324602127075195, 11.098217487335205, 10.67499589920044, 10.652221202850342, 10.312867164611816, 10.241659879684448, 10.207318782806396, 10.111665725708008, 9.792747259140015, 9.863798379898071, 9.717700004577637, 9.673179388046265, 9.656674861907959, 9.580615758895874, 9.664743661880493, 9.74281620979309, 9.583901405334473, 9.694604396820068]",0.05,6,0.88305,0.93192,0.89313,0.84259,0.90171,0.8786,38.08148694038391,9.694604396820068
0.6,0,0.4,512,0.07,"[81.06666231155396, 73.89978885650635, 71.76189374923706, 70.2749376296997, 68.62826824188232, 66.22085905075073, 64.14323043823242, 62.620070457458496, 61.132110595703125, 60.19567823410034, 59.159565925598145, 58.17323923110962, 57.61509609222412, 56.71086931228638, 56.02206325531006, 55.09078550338745, 54.97074604034424, 54.520721435546875, 54.16224002838135, 53.87301254272461, 53.886836528778076, 53.535866260528564, 53.478185176849365, 53.478981018066406, 53.230302810668945, 53.258524894714355, 53.059804916381836, 52.74517059326172, 53.4256649017334, 52.774831771850586, 53.138400077819824, 53.11082649230957, 52.94917154312134]","[18.190013885498047, 17.515239238739014, 17.11855411529541, 16.86949110031128, 16.29215431213379, 15.727593898773193, 15.138206005096436, 14.89827823638916, 14.606171131134033, 14.398853302001953, 14.046823978424072, 13.90393590927124, 13.766342163085938, 13.650795459747314, 13.376678943634033, 13.431598663330078, 12.995625257492065, 13.129221200942993, 13.174497604370117, 12.906794548034668, 13.073659181594849, 12.92402982711792, 12.966210842132568, 12.778484582901001, 12.840599775314331, 12.951348066329956, 12.953941106796265, 12.769670009613037, 12.666924476623535, 12.730582237243652, 12.925338983535767, 12.930699586868286, 12.88422441482544]",0.1,7,0.88348,0.92994,0.89463,0.84701,0.90299,0.87782,52.94917154312134,12.88422441482544
0.6,0,0.4,512,0.07,"[82.37577056884766, 75.12851810455322, 72.40699291229248, 70.19114875793457, 67.63323259353638, 65.69327116012573, 63.92163848876953, 62.58864641189575, 61.28364562988281, 59.98814821243286, 58.991336822509766, 58.12332582473755, 57.217381954193115, 56.73301696777344, 55.649516582489014, 55.40117788314819, 54.75165605545044, 54.6313271522522, 54.118000507354736, 54.35623645782471, 53.91096591949463, 53.76208686828613, 53.26766300201416, 53.464181900024414, 53.322121143341064, 53.304996490478516, 53.451287269592285]","[18.737253189086914, 17.743515014648438, 17.257092475891113, 16.664278984069824, 15.966695308685303, 15.607487678527832, 15.219588279724121, 14.907663345336914, 14.594308376312256, 14.46440601348877, 14.091320037841797, 13.960516452789307, 13.700583457946777, 13.563037872314453, 13.518782138824463, 13.296392679214478, 13.130347490310669, 13.063809871673584, 13.060770511627197, 13.042914628982544, 12.924150466918945, 12.848363161087036, 12.829771280288696, 13.064784049987793, 13.09154224395752, 12.97319507598877, 13.030520677566528]",0.07,7,0.87466,0.92059,0.8918,0.8369,0.89331,0.88016,53.451287269592285,13.030520677566528
0.6,0,0.4,512,0.07,"[80.89359855651855, 73.96455383300781, 71.50112676620483, 69.84929180145264, 67.62232494354248, 65.05396127700806, 63.255637645721436, 61.83744668960571, 60.53643226623535, 59.48747491836548, 58.60529613494873, 57.55510091781616, 56.99748992919922, 56.401790618896484, 55.97321367263794, 55.729361057281494, 55.12980127334595, 54.72873640060425, 54.25400638580322, 54.09498977661133, 53.97853088378906, 53.893020153045654, 53.827234745025635, 53.6792368888855, 53.625959396362305, 53.409173011779785, 53.66268825531006, 53.63870429992676, 53.45355844497681, 53.45023012161255]","[18.23529815673828, 17.517797470092773, 17.08826780319214, 16.59843683242798, 16.081303596496582, 15.475200176239014, 15.02441930770874, 14.61962080001831, 14.458702564239502, 14.272434711456299, 14.032160758972168, 13.90800428390503, 13.698076725006104, 13.435994625091553, 13.404011726379395, 13.401996612548828, 13.255048036575317, 13.307973861694336, 13.028481006622314, 12.993629217147827, 13.063954591751099, 12.966596126556396, 12.948038816452026, 12.884747505187988, 12.838652610778809, 12.806838274002075, 12.851540088653564, 12.944316864013672, 13.006492376327515, 13.076514720916748]",0.09,6,0.86906,0.92013,0.88313,0.8275,0.88192,0.8677,53.45023012161255,13.076514720916748
0.6,0,0.4,512,0.07,"[81.04928970336914, 74.45196580886841, 71.91117191314697, 69.92993927001953, 66.97676229476929, 64.70743751525879, 62.94812488555908, 61.33547401428223, 60.047168254852295, 59.09624195098877, 57.99833631515503, 57.174081802368164, 56.83996295928955, 55.92448806762695, 55.01294565200806, 54.74793720245361, 54.501784324645996, 54.015674114227295, 53.41378974914551, 53.283236503601074, 53.14952611923218, 52.591259479522705, 52.69339179992676, 52.657386779785156, 52.238720417022705, 52.47792720794678, 52.40053343772888, 52.193533420562744]","[18.21707248687744, 17.739079475402832, 17.132736206054688, 16.572876930236816, 15.896167278289795, 15.278413772583008, 14.903961181640625, 14.670722007751465, 14.29643440246582, 14.116806983947754, 13.951255798339844, 13.636292934417725, 13.477385997772217, 13.611713886260986, 13.162755012512207, 13.227693319320679, 12.937101364135742, 12.859726667404175, 12.807854175567627, 12.742860078811646, 12.687578678131104, 12.860938549041748, 12.805917978286743, 12.546743869781494, 12.75333833694458, 12.819716691970825, 12.792867183685303, 12.636109828948975]",0.1,7,0.86561,0.91183,0.87996,0.85047,0.90937,0.89105,52.193533420562744,12.636109828948975
0.7,0,0.4,512,0.07,"[84.12137031555176, 79.55906772613525, 76.69338750839233, 75.66042566299438, 74.81370449066162, 73.48926305770874, 72.46650505065918, 71.25060510635376, 70.193190574646, 69.28880643844604, 68.08798217773438, 67.377450466156, 66.6688494682312, 66.2101788520813, 65.97114944458008, 65.55083799362183, 65.46275329589844, 65.07036685943604, 64.82295799255371, 64.66286563873291, 64.79122066497803, 64.66377878189087, 64.34798812866211, 64.70066833496094, 64.59672927856445, 64.39411497116089, 64.32927370071411, 64.25773286819458, 64.56937646865845, 64.54202699661255, 64.13323593139648, 64.58269262313843]","[19.82969570159912, 18.834148406982422, 18.53798818588257, 18.273832321166992, 17.91410207748413, 17.618210315704346, 17.428904056549072, 17.065139293670654, 16.985947132110596, 16.610961437225342, 16.333953380584717, 16.212955951690674, 16.11544942855835, 16.05165958404541, 15.950255393981934, 15.852278709411621, 15.81444787979126, 15.838137149810791, 15.911312580108643, 15.65810489654541, 15.641240119934082, 15.614581108093262, 15.576642990112305, 15.556914806365967, 15.645306587219238, 15.668274402618408, 15.616270065307617, 15.463581085205078, 15.53040075302124, 15.533539295196533, 15.537547588348389, 15.586265563964844]",0.08,6,0.83542,0.87172,0.87429,0.78906,0.81862,0.84747,64.58269262313843,15.586265563964844
0.7,0,0.4,512,0.07,"[84.07707977294922, 80.64679908752441, 76.43900680541992, 73.96687841415405, 72.79043483734131, 71.96323585510254, 71.07700634002686, 69.56324005126953, 68.33812522888184, 67.2432451248169, 67.0590672492981, 66.22933149337769, 66.02006673812866, 65.63794326782227, 65.2927417755127, 64.8050594329834, 64.53465414047241, 64.432213306427, 64.18347454071045, 63.82653284072876, 63.711548805236816, 63.54159927368164, 63.656960010528564, 63.276785373687744, 63.43406009674072, 63.40365934371948, 63.19613742828369]","[19.911399841308594, 19.009265899658203, 18.101826667785645, 17.722575187683105, 17.513593196868896, 17.256253242492676, 16.899171829223633, 16.570419311523438, 16.301644802093506, 16.283472537994385, 16.04789972305298, 15.900466918945312, 15.90827751159668, 15.855117321014404, 15.75879716873169, 15.619527816772461, 15.451125144958496, 15.479299068450928, 15.547985076904297, 15.476312637329102, 15.432700634002686, 15.352009296417236, 15.170686721801758, 15.312387466430664, 15.334411144256592, 15.281442642211914, 15.315381050109863]",0.09,6,0.83965,0.87535,0.87746,0.81489,0.84902,0.86381,63.19613742828369,15.315381050109863
0.7,0,0.4,512,0.07,"[83.29412889480591, 77.33544969558716, 75.76861000061035, 74.86767101287842, 73.14758729934692, 71.79517984390259, 70.43025588989258, 69.00922679901123, 68.12312078475952, 67.19673013687134, 66.57278156280518, 65.96925735473633, 65.86904335021973, 65.42890787124634, 65.08963632583618, 64.82324028015137, 64.70783996582031, 64.30233669281006, 64.08769369125366, 64.09321117401123, 63.796602725982666, 63.508397579193115, 63.77651309967041, 63.485450744628906, 63.54877948760986, 63.540523052215576, 63.49810028076172]","[19.156153202056885, 18.5148868560791, 18.26392936706543, 17.890424251556396, 17.597394943237305, 17.25261402130127, 16.853057384490967, 16.571328163146973, 16.46608018875122, 16.15578603744507, 16.199791431427002, 15.923401832580566, 15.85781192779541, 15.70856523513794, 15.704908847808838, 15.679350852966309, 15.55019760131836, 15.493260383605957, 15.55362844467163, 15.442675113677979, 15.39765977859497, 15.404591083526611, 15.25492525100708, 15.426844596862793, 15.567079067230225, 15.519544124603271, 15.449625968933105]",0.04,5,0.79768,0.7799,0.81827,0.77498,0.77331,0.81479,63.49810028076172,15.449625968933105
0.7,0,0.4,512,0.07,"[84.37802267074585, 80.77781248092651, 76.63187551498413, 74.46968030929565, 73.2161545753479, 72.4177565574646, 71.9824013710022, 70.8960657119751, 69.45316505432129, 68.11558628082275, 67.35422563552856, 66.53448724746704, 66.12563705444336, 65.66145420074463, 65.37218809127808, 65.04986333847046, 64.75673818588257, 64.55665588378906, 64.58053016662598, 64.45372772216797, 64.08021068572998, 64.10147285461426, 63.8874831199646, 63.746238231658936, 63.971389293670654, 63.67177772521973, 63.600544452667236, 63.656086444854736, 63.6678671836853, 63.732584953308105, 63.89155912399292]","[19.942402362823486, 18.98629856109619, 18.205803871154785, 17.877305030822754, 17.681317806243896, 17.551340103149414, 17.234229564666748, 16.97039222717285, 16.55856227874756, 16.29133129119873, 16.104058742523193, 15.935457229614258, 15.89734411239624, 15.885607719421387, 15.860455513000488, 15.89585828781128, 15.548366069793701, 15.555402755737305, 15.6659255027771, 15.523312091827393, 15.58949327468872, 15.493400573730469, 15.465264797210693, 15.315812587738037, 15.328351497650146, 15.501172065734863, 15.251072406768799, 15.372365951538086, 15.506226062774658, 15.456738948822021, 15.413355350494385]",0.07,6,0.84054,0.89646,0.87379,0.81814,0.8694,0.86537,63.89155912399292,15.413355350494385
0.8,0,0.4,512,0.07,"[84.65197324752808, 82.77272272109985, 82.70107793807983, 82.56563329696655, 81.67435932159424, 79.46017503738403, 77.98070573806763, 77.00032901763916, 76.22318315505981, 75.74688911437988, 75.24427604675293, 75.17058801651001, 74.90404272079468, 74.79238414764404, 74.82342672348022, 74.63593769073486, 74.3606858253479, 74.23583173751831, 74.22817754745483, 74.05362749099731, 74.22453260421753, 74.26496410369873, 74.04934215545654, 73.98680591583252, 73.90466499328613, 74.06689977645874, 73.88185167312622]","[20.094429969787598, 20.089749813079834, 20.079137325286865, 19.97273063659668, 19.549004554748535, 19.151044368743896, 18.78192663192749, 18.625906944274902, 18.4798264503479, 18.35654926300049, 18.25667905807495, 18.179587841033936, 18.129852771759033, 18.177671432495117, 18.19028949737549, 18.064961910247803, 18.128002643585205, 18.017305374145508, 18.038788318634033, 17.975489616394043, 18.013855934143066, 17.969971656799316, 17.865615844726562, 18.005532264709473, 17.88695764541626, 18.092872619628906, 17.940208435058594]",0.09,5,0.70279,0.6674,0.78043,0.63278,0.55745,0.73385,73.88185167312622,17.940208435058594
0.8,0,0.4,512,0.07,"[84.82692098617554, 82.7796721458435, 82.71350765228271, 82.4782166481018, 81.54829931259155, 79.41769218444824, 78.01069784164429, 77.68886661529541, 77.38508796691895, 77.03645372390747, 76.33978271484375, 75.84043407440186, 75.1967945098877, 75.18365240097046, 74.99787330627441, 74.77150869369507, 74.55853271484375, 74.36192178726196, 74.01015901565552, 73.9087872505188, 73.84506320953369, 73.860999584198, 73.9044599533081, 73.76148557662964, 73.82665395736694, 73.72875881195068, 73.59404039382935, 73.55520868301392, 73.53814315795898, 73.70199632644653]","[20.105738162994385, 20.10270071029663, 20.070269107818604, 19.963735580444336, 19.58284568786621, 19.09459686279297, 18.848761558532715, 18.864871978759766, 18.659346103668213, 18.581542015075684, 18.57072162628174, 18.273971557617188, 18.36865234375, 18.124720096588135, 18.253783702850342, 18.07170581817627, 18.014017581939697, 17.959245681762695, 18.018433570861816, 17.888161182403564, 17.901915550231934, 17.87158966064453, 17.81398105621338, 17.894997119903564, 17.858922004699707, 17.76613140106201, 17.88740587234497, 17.954304218292236, 17.897515773773193, 17.906504154205322]",0.01,4,0.63179,0.39752,0.54902,0.612,0.39632,0.5463,73.70199632644653,17.906504154205322
0.8,0,0.4,512,0.07,"[84.42240905761719, 82.74331712722778, 82.66497135162354, 82.28457832336426, 80.60335731506348, 78.67197322845459, 77.55835819244385, 77.31438398361206, 76.53046894073486, 75.86484098434448, 75.39779233932495, 75.15757465362549, 74.75085210800171, 74.71750259399414, 74.55424356460571, 74.60245084762573, 74.30026483535767, 74.43441486358643, 74.2835111618042, 74.06105136871338, 74.1387505531311, 73.87077617645264, 73.9273772239685, 74.00092554092407]","[20.100332260131836, 20.083466053009033, 20.048282146453857, 19.840015411376953, 19.236599445343018, 18.963775634765625, 18.770673274993896, 18.6405086517334, 18.370408058166504, 18.245480060577393, 18.216665267944336, 18.285239696502686, 18.170691967010498, 18.13130283355713, 18.17005491256714, 18.088865756988525, 17.956871509552002, 17.976391315460205, 17.990676879882812, 17.80220317840576, 18.080792903900146, 17.86635971069336, 17.92911386489868, 17.885229110717773]",0.3,9,0.63159,0.58666,0.6894,0.61779,0.57487,0.69494,74.00092554092407,17.885229110717773
0.8,0,0.4,512,0.07,"[84.68300819396973, 82.78486919403076, 82.76167869567871, 82.68773555755615, 82.28935194015503, 80.7259955406189, 78.4265832901001, 77.69061517715454, 77.64467573165894, 77.38754510879517, 77.32087707519531, 77.24928331375122, 77.04127883911133, 77.08551454544067, 76.80845594406128, 76.13975429534912, 75.90029048919678, 75.49462223052979, 75.2844672203064, 75.0215196609497, 74.98485040664673, 75.02307081222534]","[20.10875940322876, 20.101323127746582, 20.089974880218506, 20.05461549758911, 19.8238263130188, 19.257012367248535, 18.966032028198242, 18.819007873535156, 18.790649890899658, 18.78023338317871, 18.74861717224121, 18.729382514953613, 18.685773849487305, 18.683472156524658, 18.477063179016113, 18.460177898406982, 18.32059383392334, 18.175405979156494, 18.254902839660645, 18.24042272567749, 18.260750770568848, 18.18021011352539]",0.05,4,0.6119,0.38964,0.54118,0.59626,0.39342,0.54241,75.02307081222534,18.18021011352539
0.9,0,0.4,512,0.07,"[84.89334774017334, 82.84414196014404, 82.82499694824219, 82.82252740859985, 82.8364930152893, 82.82268285751343, 82.81974411010742]","[20.11480712890625, 20.114296436309814, 20.110727310180664, 20.121244430541992, 20.11558246612549, 20.115980625152588, 20.11714458465576]",0.3,4,0.29565,0.20612,0.48516,0.29829,0.21738,0.49961,82.81974411010742,20.11714458465576
0.9,0,0.4,512,0.07,"[84.63318347930908, 82.82819747924805, 82.83473491668701, 82.82927417755127, 82.8249077796936, 82.82398223876953, 82.81909942626953, 82.82172632217407]","[20.121525287628174, 20.11669921875, 20.115345001220703, 20.11195135116577, 20.116663932800293, 20.117932319641113, 20.114797115325928, 20.11672830581665]",0.5,3,0.28227,0.29125,0.53618,0.25329,0.24254,0.51206,82.82172632217407,20.11672830581665
0.9,0,0.4,512,0.07,"[84.62173223495483, 82.82285594940186, 82.82234048843384, 82.83257961273193, 82.83030271530151, 82.83192825317383, 82.82815885543823, 82.82273578643799, 82.83248472213745]","[20.11420202255249, 20.11448860168457, 20.11771249771118, 20.117931365966797, 20.11285638809204, 20.116939067840576, 20.113027095794678, 20.116029739379883, 20.11379337310791]",0.4,4,0.13141,0.10248,0.3873,0.14566,0.10982,0.40545,82.83248472213745,20.11379337310791
0.9,0,0.4,512,0.07,"[85.20201206207275, 82.8259630203247, 82.82765054702759, 82.8266429901123, 82.83433198928833, 82.8288516998291]","[20.11712074279785, 20.112203121185303, 20.115095138549805, 20.1160249710083, 20.117105960845947, 20.112489223480225]",0.3,3,0.11299,0.10826,0.40597,0.12768,0.10581,0.40778,82.8288516998291,20.112489223480225
