noise,res,clusters,weight,NMI,ARI,CA,val_NMI,val_ARI,val_CA,loss,val_loss,clustering_loss,val_clustering_loss,zinb_loss,val_zinb_loss,CA_initial,ARI_initial,NMI_initial,val_CA_initial,val_ARI_initial,val_NMI_initial,training_time,nbr_iteration,CA_final,ARI_final,NMI_final,val_CA_final,val_ARI_final,val_NMI_final
0.1,0.09,7,1.0,"[0.86677, 0.86768, 0.86765, 0.86389, 0.86453, 0.86303, 0.86003, 0.85745, 0.85663, 0.85698, 0.8557, 0.85455, 0.85395]","[0.9136, 0.91095, 0.90993, 0.90438, 0.90456, 0.90243, 0.90084, 0.89829, 0.8961, 0.89652, 0.89484, 0.89391, 0.89339]","[0.88403, 0.88257, 0.88184, 0.87936, 0.87921, 0.87805, 0.87702, 0.87571, 0.87484, 0.87484, 0.87396, 0.87338, 0.87294]","[0.85563, 0.86445, 0.86796, 0.87252, 0.87938, 0.87534, 0.87549, 0.87491, 0.87319, 0.87467, 0.87628, 0.87766, 0.87684]","[0.8963, 0.90282, 0.90754, 0.91069, 0.92059, 0.91726, 0.91702, 0.91577, 0.91213, 0.91704, 0.91837, 0.91792, 0.91607]","[0.87865, 0.8804, 0.88156, 0.88331, 0.88798, 0.88623, 0.88623, 0.88565, 0.8839, 0.88623, 0.88681, 0.88681, 0.88565]","[0.6513876914978027, 0.6519196629524231, 0.6155849695205688, 0.5993767976760864, 0.6037700772285461, 0.610729992389679, 0.5790189504623413, 0.5794651508331299, 0.5826501250267029, 0.6127668023109436, 0.5916837453842163, 0.5791158676147461, 0.6280015110969543]","[0.6792784929275513, 0.6676468849182129, 0.6414052248001099, 0.6295692324638367, 0.6364213824272156, 0.6350263357162476, 0.621746838092804, 0.6208280920982361, 0.6248871088027954, 0.6442460417747498, 0.6333498954772949, 0.6236827969551086, 0.6467236280441284]","[0.17066994309425354, 0.15702278912067413, 0.10824240744113922, 0.08683857321739197, 0.08519414812326431, 0.09267251938581467, 0.06568530946969986, 0.06753048300743103, 0.06912952661514282, 0.09952282160520554, 0.07870325446128845, 0.06469061970710754, 0.11384414881467819]","[0.17322196066379547, 0.15861748158931732, 0.1261143833398819, 0.11125407367944717, 0.11163177341222763, 0.112150177359581, 0.10250628739595413, 0.10253380239009857, 0.10549559444189072, 0.12409615516662598, 0.11242721229791641, 0.10186785459518433, 0.12600670754909515]","[0.48071402311325073, 0.4949752986431122, 0.5074136257171631, 0.5125223994255066, 0.5185939073562622, 0.5180643796920776, 0.5133418440818787, 0.5118324756622314, 0.5134875774383545, 0.5129878520965576, 0.5127652883529663, 0.5143296122550964, 0.5139731168746948]","[0.5062029957771301, 0.5092352032661438, 0.5155580639839172, 0.5186535716056824, 0.5250807404518127, 0.5231674909591675, 0.5196848511695862, 0.5185455679893494, 0.519847571849823, 0.5205549597740173, 0.5211722254753113, 0.5221841931343079, 0.5212405323982239]",0.88403,0.9136,0.86677,0.87865,0.8963,0.85563,796,324,0.87294,0.89339,0.85395,0.88565,0.91607,0.87684
0.2,0.08,7,1.0,"[0.87638, 0.87891, 0.87662, 0.87353, 0.87048, 0.87011, 0.8664, 0.86527, 0.86424]","[0.91887, 0.91912, 0.91455, 0.90873, 0.90651, 0.90535, 0.90253, 0.90125, 0.90028]","[0.88636, 0.88607, 0.88388, 0.8814, 0.88023, 0.87994, 0.87877, 0.87805, 0.87761]","[0.8671, 0.86877, 0.87461, 0.87569, 0.87636, 0.87136, 0.87011, 0.86892, 0.87201]","[0.90753, 0.90556, 0.91344, 0.91395, 0.91487, 0.91298, 0.91034, 0.90705, 0.91163]","[0.88331, 0.88215, 0.88448, 0.88506, 0.88565, 0.88448, 0.88331, 0.88156, 0.88331]","[0.6620645523071289, 0.6441094279289246, 0.5971353650093079, 0.5840741991996765, 0.5794162750244141, 0.5838247537612915, 0.5722762942314148, 0.5636644959449768, 0.554984986782074]","[0.6912491321563721, 0.6587726473808289, 0.6206105351448059, 0.6149253249168396, 0.6137732267379761, 0.61439049243927, 0.6098532676696777, 0.6004149317741394, 0.5983573198318481]","[0.1818820685148239, 0.1500888615846634, 0.08888484537601471, 0.07159236073493958, 0.06209821254014969, 0.06641079485416412, 0.060305580496788025, 0.054112814366817474, 0.04577277600765228]","[0.1857123225927353, 0.15033350884914398, 0.10496922582387924, 0.09663157165050507, 0.09061694890260696, 0.09266406297683716, 0.09230009466409683, 0.08522193133831024, 0.08314947038888931]","[0.48015448451042175, 0.49410635232925415, 0.5083492994308472, 0.512470543384552, 0.5172678232192993, 0.5173520445823669, 0.5119175910949707, 0.5095076560974121, 0.5091482996940613]","[0.5057007074356079, 0.5087356567382812, 0.5158311724662781, 0.5184696316719055, 0.5232927203178406, 0.5219779014587402, 0.5178130865097046, 0.5155176520347595, 0.515492856502533]",0.88636,0.91887,0.87638,0.88331,0.90753,0.8671,818,216,0.87761,0.90028,0.86424,0.88331,0.91163,0.87201
0.2,0.1,7,1.0,"[0.86343, 0.86399, 0.86538, 0.86223, 0.86361, 0.86379, 0.86132, 0.85975, 0.85887, 0.85895]","[0.90345, 0.90673, 0.90536, 0.90116, 0.90235, 0.90258, 0.89891, 0.89836, 0.89733, 0.89706]","[0.8814, 0.8814, 0.87965, 0.87746, 0.87775, 0.87775, 0.87615, 0.87557, 0.87513, 0.87513]","[0.8492, 0.85923, 0.86436, 0.86386, 0.86385, 0.86687, 0.86486, 0.86741, 0.86826, 0.86344]","[0.88738, 0.89636, 0.90047, 0.90054, 0.90314, 0.90666, 0.90584, 0.90594, 0.90854, 0.9024]","[0.87748, 0.87806, 0.87981, 0.87923, 0.8804, 0.88156, 0.8804, 0.88098, 0.88215, 0.87923]","[0.6566735506057739, 0.6543077826499939, 0.6083045601844788, 0.5903085470199585, 0.5985203981399536, 0.5930020809173584, 0.586993932723999, 0.5832155346870422, 0.5782052874565125, 0.5764347910881042]","[0.6875786781311035, 0.670408308506012, 0.6361576914787292, 0.6252251267433167, 0.6275188326835632, 0.6229444146156311, 0.625474750995636, 0.6237065196037292, 0.6159504055976868, 0.6218119263648987]","[0.17671233415603638, 0.16120870411396027, 0.1031971126794815, 0.08036922663450241, 0.08520446717739105, 0.08011294156312943, 0.07317344099283218, 0.069777712225914, 0.06733530759811401, 0.06428594142198563]","[0.1826990693807602, 0.16337992250919342, 0.12275446206331253, 0.10874775797128677, 0.10972685366868973, 0.10493731498718262, 0.10669170320034027, 0.10407155007123947, 0.0996699184179306, 0.10410451889038086]","[0.47996431589126587, 0.4931674599647522, 0.5051952004432678, 0.509942352771759, 0.5132373571395874, 0.512810230255127, 0.5138099193572998, 0.5133132338523865, 0.5107751488685608, 0.5120543241500854]","[0.5050895810127258, 0.5073884725570679, 0.5135951638221741, 0.5166259407997131, 0.5181953310966492, 0.5182656049728394, 0.5190597772598267, 0.5197833180427551, 0.5163955092430115, 0.5181461572647095]",0.8814,0.90345,0.86343,0.87748,0.88738,0.8492,823,243,0.87513,0.89706,0.85895,0.87923,0.9024,0.86344
0.2,0.05,6,1.0,"[0.8531, 0.86295, 0.86408, 0.86435, 0.86203, 0.86393, 0.86456, 0.86272, 0.86143]","[0.90442, 0.90632, 0.90574, 0.90424, 0.90086, 0.90271, 0.90322, 0.9011, 0.89934]","[0.87615, 0.87702, 0.87688, 0.87659, 0.87498, 0.87586, 0.876, 0.87513, 0.8744]","[0.83032, 0.85299, 0.85713, 0.86561, 0.86828, 0.86559, 0.8655, 0.86121, 0.86476]","[0.87951, 0.894, 0.89777, 0.90879, 0.91146, 0.9102, 0.91036, 0.90617, 0.90667]","[0.86814, 0.87281, 0.87456, 0.87865, 0.87923, 0.87923, 0.87981, 0.87806, 0.87806]","[0.6513177752494812, 0.6502262949943542, 0.6041238307952881, 0.5891472101211548, 0.5953851342201233, 0.5789352655410767, 0.5760179162025452, 0.571744978427887, 0.5660322904586792]","[0.6811637282371521, 0.6671072840690613, 0.6319681406021118, 0.6206597089767456, 0.6229672431945801, 0.6128749251365662, 0.6160166263580322, 0.6133992075920105, 0.6089714169502258]","[0.1704445779323578, 0.15579593181610107, 0.09599308669567108, 0.07592406123876572, 0.07906787842512131, 0.06409229338169098, 0.060422588139772415, 0.05774218589067459, 0.05327124148607254]","[0.17648255825042725, 0.15952323377132416, 0.11670324951410294, 0.10273617506027222, 0.10223662108182907, 0.09367618709802628, 0.09600625187158585, 0.09400022774934769, 0.09167278558015823]","[0.4808732569217682, 0.4945451319217682, 0.508251965045929, 0.513167142868042, 0.5162574052810669, 0.5148120522499084, 0.5155386924743652, 0.5139065384864807, 0.512686014175415]","[0.5049211978912354, 0.5079670548439026, 0.5156463980674744, 0.5183209180831909, 0.5210198760032654, 0.5193420052528381, 0.5202628970146179, 0.5196706056594849, 0.5175485610961914]",0.87615,0.90442,0.8531,0.86814,0.87951,0.83032,673,216,0.8744,0.89934,0.86143,0.87806,0.90667,0.86476
0.2,0.1,7,1.0,"[0.86348, 0.8629, 0.85621, 0.8602, 0.85802, 0.85693, 0.85609, 0.85465, 0.85345, 0.85257]","[0.90319, 0.89717, 0.88605, 0.89197, 0.88677, 0.88519, 0.88524, 0.88195, 0.88019, 0.87945]","[0.88009, 0.87688, 0.87163, 0.87425, 0.87206, 0.87104, 0.87104, 0.86958, 0.86885, 0.86856]","[0.84296, 0.84409, 0.84317, 0.85387, 0.85898, 0.8587, 0.8652, 0.85843, 0.8595, 0.85902]","[0.88057, 0.8785, 0.86929, 0.88944, 0.8922, 0.89156, 0.89919, 0.88964, 0.89026, 0.88835]","[0.87223, 0.87048, 0.86639, 0.87456, 0.87573, 0.87515, 0.87806, 0.87398, 0.87398, 0.8734]","[0.6503766775131226, 0.6575048565864563, 0.6166515946388245, 0.6051450967788696, 0.5961715579032898, 0.5941213369369507, 0.5756125450134277, 0.5803319811820984, 0.565049409866333, 0.5657408237457275]","[0.6822779178619385, 0.6737793684005737, 0.6415244340896606, 0.6304831504821777, 0.6294848322868347, 0.6301303505897522, 0.6146712899208069, 0.6234477162361145, 0.615361213684082, 0.6153472661972046]","[0.17032301425933838, 0.1640457808971405, 0.10909232497215271, 0.09412093460559845, 0.08194655179977417, 0.07934833317995071, 0.06338465958833694, 0.0686907097697258, 0.05332677438855171, 0.05478570610284805]","[0.177003413438797, 0.16566453874111176, 0.12582550942897797, 0.1136109009385109, 0.11064742505550385, 0.10994534939527512, 0.09729211777448654, 0.1060800775885582, 0.09797155112028122, 0.0988137349486351]","[0.4800367057323456, 0.4935045838356018, 0.5076268315315247, 0.5110082030296326, 0.5141854882240295, 0.5147109031677246, 0.512222945690155, 0.5116551518440247, 0.511715829372406, 0.5108861923217773]","[0.5054863691329956, 0.5083438754081726, 0.5160209536552429, 0.517143189907074, 0.519279420375824, 0.5204645395278931, 0.5176478624343872, 0.5176841020584106, 0.5175727009773254, 0.5168938636779785]",0.88009,0.90319,0.86348,0.87223,0.88057,0.84296,996,243,0.86856,0.87945,0.85257,0.8734,0.88835,0.85902
0.3,0.08,8,1.0,"[0.89273, 0.8899, 0.88762, 0.88223, 0.87943, 0.87743, 0.87651, 0.87428, 0.86956, 0.86806, 0.86721, 0.86683, 0.86596, 0.86458, 0.86537]","[0.93486, 0.92849, 0.92433, 0.9173, 0.91493, 0.91176, 0.90796, 0.90451, 0.89982, 0.89719, 0.89604, 0.89518, 0.89373, 0.89185, 0.89271]","[0.91583, 0.91233, 0.91014, 0.90664, 0.90532, 0.90387, 0.90139, 0.89964, 0.8973, 0.89584, 0.89526, 0.89468, 0.89409, 0.89336, 0.89365]","[0.87739, 0.86756, 0.87346, 0.88271, 0.88427, 0.88189, 0.87569, 0.88147, 0.88005, 0.87609, 0.8747, 0.87401, 0.88791, 0.8821, 0.87168]","[0.9174, 0.9058, 0.9138, 0.92108, 0.92278, 0.91999, 0.91585, 0.92063, 0.92291, 0.91623, 0.91456, 0.9123, 0.92651, 0.92337, 0.90871]","[0.90723, 0.90082, 0.9049, 0.90898, 0.91015, 0.90898, 0.90607, 0.9084, 0.90782, 0.90665, 0.9049, 0.9049, 0.91074, 0.9084, 0.9014]","[0.6562950611114502, 0.672651469707489, 0.6291812658309937, 0.6030029058456421, 0.6079856157302856, 0.6157105565071106, 0.5969553589820862, 0.6018540859222412, 0.6162437796592712, 0.5894248485565186, 0.588715136051178, 0.5896663665771484, 0.5993310809135437, 0.5939604043960571, 0.5750735998153687]","[0.6927078366279602, 0.6888898015022278, 0.6542377471923828, 0.6380659341812134, 0.6404671669006348, 0.6418949365615845, 0.6369807720184326, 0.6413382887840271, 0.6410523653030396, 0.6373443007469177, 0.635170578956604, 0.6311060786247253, 0.6372029781341553, 0.6331369876861572, 0.6281443238258362]","[0.1787859946489334, 0.1829904466867447, 0.1265438348054886, 0.09460752457380295, 0.0967535451054573, 0.1028476133942604, 0.08411192893981934, 0.08683430403470993, 0.10003095865249634, 0.0778275653719902, 0.07666125148534775, 0.07881587743759155, 0.08808055520057678, 0.08371658623218536, 0.06484616547822952]","[0.1888517588376999, 0.18309715390205383, 0.1424180120229721, 0.12333350628614426, 0.12373632192611694, 0.12370874732732773, 0.11935242265462875, 0.12061939388513565, 0.12145137786865234, 0.1210036426782608, 0.1181337982416153, 0.11623655259609222, 0.12183903902769089, 0.11830596625804901, 0.11269383877515793]","[0.47748586535453796, 0.48973962664604187, 0.5027429461479187, 0.5084457993507385, 0.5112286806106567, 0.5128164887428284, 0.5129110813140869, 0.5149495005607605, 0.5161046981811523, 0.5116456151008606, 0.5119723677635193, 0.5106685757637024, 0.5110492706298828, 0.5100514888763428, 0.5101593732833862]","[0.5039475560188293, 0.5060211420059204, 0.5120649933815002, 0.5149484872817993, 0.5170634984970093, 0.5184338092803955, 0.5176899433135986, 0.52073734998703, 0.5196236968040466, 0.5167748332023621, 0.517380952835083, 0.5153529047966003, 0.5158779621124268, 0.5150584578514099, 0.5154770016670227]",0.91583,0.93486,0.89273,0.90723,0.9174,0.87739,1406,378,0.89365,0.89271,0.86537,0.9014,0.90871,0.87168
0.3,0.06,7,1.0,"[0.87052, 0.87228, 0.87087, 0.87107, 0.86942, 0.86616, 0.86637, 0.86448, 0.866]","[0.91107, 0.90873, 0.9043, 0.90347, 0.90172, 0.89667, 0.89814, 0.89622, 0.89719]","[0.88067, 0.87936, 0.87702, 0.87644, 0.87527, 0.87338, 0.87352, 0.87265, 0.87294]","[0.86461, 0.86648, 0.86589, 0.87595, 0.87487, 0.86845, 0.87284, 0.87214, 0.87225]","[0.90474, 0.90348, 0.89987, 0.90971, 0.90973, 0.90272, 0.90885, 0.90832, 0.90972]","[0.88098, 0.8804, 0.87865, 0.88156, 0.88156, 0.87865, 0.8804, 0.8804, 0.88098]","[0.6452760100364685, 0.6523481607437134, 0.6081326007843018, 0.5846025347709656, 0.5880134105682373, 0.5970284342765808, 0.585117757320404, 0.5615622997283936, 0.5652005672454834]","[0.6752947568893433, 0.6672718524932861, 0.6304360032081604, 0.6162204742431641, 0.6207414865493774, 0.6210942268371582, 0.6225327849388123, 0.6054412126541138, 0.6053887605667114]","[0.16452638804912567, 0.16035203635692596, 0.10356324911117554, 0.07276702672243118, 0.06887165457010269, 0.07890772819519043, 0.07112077623605728, 0.05054396763443947, 0.05396321043372154]","[0.17097964882850647, 0.16101430356502533, 0.11822140961885452, 0.0995241031050682, 0.09610547870397568, 0.10044797509908676, 0.10382979363203049, 0.08971424400806427, 0.08995431661605835]","[0.48074907064437866, 0.4920954406261444, 0.5046584606170654, 0.511850893497467, 0.5191296339035034, 0.518047034740448, 0.5139539241790771, 0.510980486869812, 0.5111762285232544]","[0.5044254660606384, 0.5064112544059753, 0.5125519037246704, 0.5169137120246887, 0.5248634219169617, 0.5212264657020569, 0.5189918875694275, 0.5159672498703003, 0.515648365020752]",0.88067,0.91107,0.87052,0.88098,0.90474,0.86461,844,216,0.87294,0.89719,0.866,0.88098,0.90972,0.87225
0.3,0.08,7,1.0,"[0.87413, 0.87284, 0.87523, 0.87509, 0.87608, 0.87339, 0.87195, 0.87169, 0.86793, 0.86918, 0.86673, 0.86662, 0.86594]","[0.91422, 0.90951, 0.91247, 0.91242, 0.9128, 0.90897, 0.90778, 0.9065, 0.90301, 0.90363, 0.90084, 0.90113, 0.90041]","[0.88315, 0.88096, 0.88198, 0.88198, 0.88242, 0.88082, 0.88023, 0.87994, 0.87834, 0.87863, 0.87746, 0.87746, 0.87717]","[0.85615, 0.85852, 0.86395, 0.86618, 0.87296, 0.86686, 0.86686, 0.86762, 0.87286, 0.87129, 0.86824, 0.8616, 0.86776]","[0.89245, 0.8938, 0.89879, 0.9022, 0.90872, 0.90365, 0.90365, 0.9034, 0.90898, 0.90453, 0.9037, 0.89741, 0.90418]","[0.87515, 0.87573, 0.87748, 0.87865, 0.88098, 0.87923, 0.87923, 0.87923, 0.8804, 0.87923, 0.87923, 0.87631, 0.87865]","[0.6544707417488098, 0.6605817079544067, 0.6090289354324341, 0.5905205011367798, 0.6017521023750305, 0.58060222864151, 0.5655229687690735, 0.5784177184104919, 0.5920019745826721, 0.5954062938690186, 0.5958558917045593, 0.5727352499961853, 0.5599896311759949]","[0.6852399110794067, 0.6747592687606812, 0.6324765682220459, 0.6207684278488159, 0.6269641518592834, 0.6155043840408325, 0.6064460873603821, 0.6182222366333008, 0.6223835945129395, 0.6240833401679993, 0.6308100819587708, 0.6149898171424866, 0.6059394478797913]","[0.17412221431732178, 0.16784553229808807, 0.10380177199840546, 0.08060450106859207, 0.08834700286388397, 0.06820966303348541, 0.05496552959084511, 0.06666448712348938, 0.07786206156015396, 0.08230401575565338, 0.08203058689832687, 0.06135636940598488, 0.05121529847383499]","[0.18117037415504456, 0.1681164801120758, 0.11909781396389008, 0.10447532683610916, 0.10937078297138214, 0.09806094318628311, 0.09076208621263504, 0.10159707814455032, 0.10303221642971039, 0.10680198669433594, 0.11304406821727753, 0.09908399730920792, 0.09207205474376678]","[0.48032552003860474, 0.4928024113178253, 0.5053486824035645, 0.5099434852600098, 0.5133490562438965, 0.5124099254608154, 0.5105622410774231, 0.5116833448410034, 0.5140156745910645, 0.5129431486129761, 0.513804018497467, 0.5112656950950623, 0.5087640285491943]","[0.5041845440864563, 0.5069743990898132, 0.5136827826499939, 0.5164754986763, 0.5181201696395874, 0.5176352858543396, 0.5158202052116394, 0.5166698694229126, 0.5194122195243835, 0.5176977515220642, 0.5182188749313354, 0.5162380933761597, 0.5139850378036499]",0.88315,0.91422,0.87413,0.87515,0.89245,0.85615,1432,324,0.87717,0.90041,0.86594,0.87865,0.90418,0.86776
0.3,0.08,7,1.0,"[0.86159, 0.86434, 0.8639, 0.86583, 0.86583, 0.86602, 0.86277, 0.86072, 0.86096, 0.85902, 0.85751]","[0.90608, 0.90403, 0.90126, 0.90018, 0.90114, 0.90041, 0.89507, 0.89316, 0.89327, 0.89043, 0.88901]","[0.88023, 0.87907, 0.87761, 0.87717, 0.87761, 0.87702, 0.87484, 0.87381, 0.87396, 0.8725, 0.87192]","[0.85428, 0.8614, 0.86527, 0.8692, 0.87716, 0.87536, 0.87737, 0.87487, 0.87258, 0.86672, 0.86907]","[0.89673, 0.89548, 0.89694, 0.90319, 0.90942, 0.91021, 0.91139, 0.90778, 0.90654, 0.89631, 0.89581]","[0.87923, 0.87806, 0.87806, 0.8804, 0.88273, 0.88331, 0.88331, 0.88156, 0.88156, 0.87748, 0.87806]","[0.651185929775238, 0.6533330082893372, 0.6080223321914673, 0.5950863361358643, 0.6160433888435364, 0.5845378041267395, 0.5771862268447876, 0.5912623405456543, 0.5937216281890869, 0.5632781982421875, 0.5758116841316223]","[0.6820929646492004, 0.6675066351890564, 0.6308465003967285, 0.6233038306236267, 0.6307420134544373, 0.6188194751739502, 0.6142021417617798, 0.6207911968231201, 0.6265048980712891, 0.6097135543823242, 0.6197576522827148]","[0.1714857667684555, 0.16174662113189697, 0.10387339442968369, 0.0841028243303299, 0.10335002839565277, 0.07432207465171814, 0.06582960486412048, 0.0774693414568901, 0.08163809776306152, 0.054638490080833435, 0.06551647186279297]","[0.1771097481250763, 0.16100727021694183, 0.11819318681955338, 0.105282261967659, 0.11296003311872482, 0.10277271270751953, 0.09682520478963852, 0.10249686986207962, 0.10837093740701675, 0.09525128453969955, 0.10355571657419205]","[0.47967585921287537, 0.49164605140686035, 0.5042300820350647, 0.5109879374504089, 0.5126709938049316, 0.5102824568748474, 0.5113075375556946, 0.5136623382568359, 0.5120217800140381, 0.5085770487785339, 0.5101735591888428]","[0.5051871538162231, 0.5069007277488708, 0.5130967497825623, 0.518247127532959, 0.5182668566703796, 0.5164430141448975, 0.517755925655365, 0.5183948278427124, 0.5183120965957642, 0.5148271918296814, 0.51661217212677]",0.88023,0.90608,0.86159,0.87923,0.89673,0.85428,911,270,0.87192,0.88901,0.85751,0.87806,0.89581,0.86907
0.4,0.07,7,1.0,"[0.88289, 0.87952, 0.87582, 0.87644, 0.87691, 0.87595, 0.87409, 0.87422, 0.87297]","[0.92451, 0.91913, 0.91519, 0.91582, 0.91547, 0.91451, 0.91287, 0.91185, 0.91148]","[0.88942, 0.88709, 0.8849, 0.8849, 0.88446, 0.88403, 0.88315, 0.88271, 0.88242]","[0.86619, 0.87067, 0.87083, 0.87537, 0.87649, 0.87135, 0.87461, 0.87613, 0.87515]","[0.90592, 0.90418, 0.90088, 0.91291, 0.91314, 0.90836, 0.90949, 0.90975, 0.91061]","[0.88156, 0.88098, 0.87981, 0.88448, 0.88506, 0.88273, 0.88331, 0.88331, 0.88331]","[0.6599941849708557, 0.6571828722953796, 0.6035060882568359, 0.5896127820014954, 0.5833872556686401, 0.6043135523796082, 0.5675021409988403, 0.5639145970344543, 0.567284882068634]","[0.6889936327934265, 0.6703431606292725, 0.6263538599014282, 0.6135149002075195, 0.6170384883880615, 0.6341184973716736, 0.6023819446563721, 0.6072701811790466, 0.607282280921936]","[0.17845363914966583, 0.16396009922027588, 0.0964602380990982, 0.07770504802465439, 0.06895914673805237, 0.08557542413473129, 0.05647115036845207, 0.049455031752586365, 0.053017765283584595]","[0.1849416345357895, 0.16421735286712646, 0.11163053661584854, 0.09650763124227524, 0.09859585762023926, 0.11041375249624252, 0.08713134378194809, 0.08825834095478058, 0.08830370008945465]","[0.4815124571323395, 0.493315726518631, 0.5071443915367126, 0.5119249224662781, 0.5144008994102478, 0.5185994505882263, 0.5110415816307068, 0.5144374370574951, 0.514200747013092]","[0.5040717124938965, 0.5064948797225952, 0.5150935053825378, 0.5174413919448853, 0.5188667178153992, 0.5240238904953003, 0.5155665278434753, 0.5192804336547852, 0.5194123983383179]",0.88942,0.92451,0.88289,0.88156,0.90592,0.86619,633,216,0.88242,0.91148,0.87297,0.88331,0.91061,0.87515
0.4,0.05,7,1.0,"[0.86803, 0.87333, 0.87925, 0.87739, 0.87254, 0.86939, 0.86656, 0.86474, 0.86342]","[0.91594, 0.91747, 0.91977, 0.91719, 0.91129, 0.90678, 0.90381, 0.90284, 0.90141]","[0.88621, 0.88578, 0.88592, 0.88461, 0.88169, 0.87936, 0.8779, 0.87732, 0.87673]","[0.86396, 0.86111, 0.86466, 0.8713, 0.86901, 0.86605, 0.86538, 0.86505, 0.86442]","[0.90764, 0.8996, 0.89703, 0.90726, 0.90633, 0.9002, 0.90177, 0.90087, 0.89833]","[0.88215, 0.87806, 0.87748, 0.88215, 0.88215, 0.87806, 0.87865, 0.87806, 0.8769]","[0.6498584151268005, 0.6610205769538879, 0.6118031144142151, 0.5887184143066406, 0.6009773015975952, 0.5861372351646423, 0.5793537497520447, 0.5659096240997314, 0.5725383162498474]","[0.678277850151062, 0.6740347146987915, 0.6333741545677185, 0.6191475987434387, 0.6268919706344604, 0.6169493198394775, 0.619057297706604, 0.6083166599273682, 0.6113892197608948]","[0.16774414479732513, 0.16932080686092377, 0.10805893689393997, 0.07943201065063477, 0.08819548040628433, 0.07362715899944305, 0.06773814558982849, 0.054608650505542755, 0.06202859804034233]","[0.1751646101474762, 0.16933920979499817, 0.12229184061288834, 0.10465866327285767, 0.11004035174846649, 0.10032673925161362, 0.10310317575931549, 0.09267471730709076, 0.09684700518846512]","[0.482074111700058, 0.4917501211166382, 0.5038537979125977, 0.5093014240264893, 0.5126891732215881, 0.5125119686126709, 0.5115236639976501, 0.5112276077270508, 0.5104118585586548]","[0.5031882524490356, 0.5049127340316772, 0.5113171935081482, 0.5147505402565002, 0.5172632932662964, 0.5165855884552002, 0.5160184502601624, 0.5156451463699341, 0.5145066380500793]",0.88621,0.91594,0.86803,0.88215,0.90764,0.86396,578,216,0.87673,0.90141,0.86342,0.8769,0.89833,0.86442
0.4,0.09,7,1.0,"[0.8679, 0.86671, 0.86527, 0.85441, 0.85287, 0.85131, 0.84763, 0.84625, 0.84623, 0.84537, 0.84358, 0.8448, 0.84387]","[0.91993, 0.91297, 0.90478, 0.88644, 0.88171, 0.8773, 0.87107, 0.86744, 0.86617, 0.86526, 0.86226, 0.86296, 0.86227]","[0.90197, 0.89891, 0.8954, 0.88621, 0.8833, 0.88111, 0.8779, 0.87615, 0.87557, 0.87513, 0.87352, 0.87367, 0.87338]","[0.85133, 0.85455, 0.8618, 0.86596, 0.86734, 0.87038, 0.86774, 0.863, 0.86782, 0.86354, 0.85808, 0.85576, 0.85607]","[0.90672, 0.89969, 0.90074, 0.90158, 0.9051, 0.90904, 0.90182, 0.89719, 0.90002, 0.89884, 0.89013, 0.88437, 0.88459]","[0.89323, 0.89265, 0.89498, 0.89615, 0.89732, 0.89848, 0.89615, 0.89323, 0.89498, 0.8944, 0.88973, 0.8874, 0.8874]","[0.6539015769958496, 0.6661565899848938, 0.6156114935874939, 0.5948933362960815, 0.5971630811691284, 0.591489851474762, 0.5902464985847473, 0.5738298892974854, 0.5888071656227112, 0.592555046081543, 0.5945122241973877, 0.5771327018737793, 0.6011760830879211]","[0.6866329908370972, 0.6815166473388672, 0.6379829049110413, 0.6258026957511902, 0.6257794499397278, 0.6241569519042969, 0.6290637254714966, 0.6186394095420837, 0.6219016909599304, 0.6317108273506165, 0.6273608803749084, 0.6189355254173279, 0.6312642097473145]","[0.17532218992710114, 0.17596957087516785, 0.1121300607919693, 0.085516057908535, 0.0835196003317833, 0.07924378663301468, 0.07933653146028519, 0.06314659118652344, 0.07845231145620346, 0.07824401557445526, 0.08391423523426056, 0.06609588116407394, 0.09053182601928711]","[0.18296292424201965, 0.17597255110740662, 0.1263168901205063, 0.11102848500013351, 0.10721210390329361, 0.10753445327281952, 0.1138390302658081, 0.10283582657575607, 0.10734593123197556, 0.11296629905700684, 0.11238021403551102, 0.10345472395420074, 0.11665425449609756]","[0.47859397530555725, 0.49029576778411865, 0.5035967826843262, 0.5094010829925537, 0.5135924220085144, 0.5122368931770325, 0.5107899904251099, 0.510574460029602, 0.5101982951164246, 0.5141915082931519, 0.5104901194572449, 0.5108835697174072, 0.510378360748291]","[0.503905177116394, 0.5058602094650269, 0.5120018720626831, 0.5151492953300476, 0.5188006162643433, 0.5167686343193054, 0.5156694650650024, 0.5159400105476379, 0.5147699117660522, 0.5190507173538208, 0.5150264501571655, 0.5155449509620667, 0.5150628089904785]",0.90197,0.91993,0.8679,0.89323,0.90672,0.85133,825,324,0.87338,0.86227,0.84387,0.8874,0.88459,0.85607
0.4,0.06,7,1.0,"[0.87142, 0.87417, 0.87607, 0.87303, 0.87351, 0.87386, 0.87327, 0.87272, 0.87235]","[0.91861, 0.91911, 0.91821, 0.91341, 0.91258, 0.91141, 0.91181, 0.91112, 0.91078]","[0.8884, 0.8868, 0.88621, 0.88373, 0.8833, 0.88271, 0.88286, 0.88257, 0.88242]","[0.86471, 0.86907, 0.87363, 0.87272, 0.86701, 0.86605, 0.86782, 0.86664, 0.86757]","[0.90865, 0.90665, 0.91001, 0.90861, 0.90179, 0.90178, 0.90456, 0.90237, 0.90455]","[0.88506, 0.88156, 0.88331, 0.88273, 0.8804, 0.8804, 0.88156, 0.8804, 0.88156]","[0.6733512878417969, 0.6442853212356567, 0.5913313031196594, 0.5754776000976562, 0.5750817656517029, 0.5650002360343933, 0.5684341788291931, 0.5698670744895935, 0.5670472383499146]","[0.6983686089515686, 0.6580861210823059, 0.6151816844940186, 0.6075687408447266, 0.6039490103721619, 0.6001860499382019, 0.6009214520454407, 0.6107130646705627, 0.6025871634483337]","[0.19127389788627625, 0.1509423553943634, 0.08693619817495346, 0.0662606731057167, 0.06592969596385956, 0.05483429506421089, 0.057871922850608826, 0.05748274549841881, 0.05663728713989258]","[0.19408060610294342, 0.15150940418243408, 0.1028871163725853, 0.09187693893909454, 0.08957327902317047, 0.08441184461116791, 0.08552990108728409, 0.09260047972202301, 0.08720413595438004]","[0.4820784032344818, 0.4934372305870056, 0.5044794082641602, 0.5092055797576904, 0.5090668201446533, 0.5101521611213684, 0.5104552507400513, 0.5123605132102966, 0.510391116142273]","[0.5045240521430969, 0.5068295001983643, 0.5125626921653748, 0.5159687399864197, 0.514761745929718, 0.5160170793533325, 0.5156141519546509, 0.5183089971542358, 0.5157607197761536]",0.8884,0.91861,0.87142,0.88506,0.90865,0.86471,635,216,0.88242,0.91078,0.87235,0.88156,0.90455,0.86757
0.5,0.05,6,1.0,"[0.8821, 0.88177, 0.87663, 0.87657, 0.8763]","[0.927, 0.92368, 0.92002, 0.91858, 0.91772]","[0.88709, 0.8849, 0.88301, 0.88242, 0.88213]","[0.85694, 0.85995, 0.8611, 0.86433, 0.8683]","[0.90368, 0.90257, 0.9045, 0.90736, 0.90963]","[0.8769, 0.8769, 0.87748, 0.87865, 0.87923]","[0.6550820469856262, 0.6501182913780212, 0.5961731672286987, 0.5801600813865662, 0.5669834017753601]","[0.6826012134552002, 0.6617031097412109, 0.616317629814148, 0.6011481881141663, 0.6000803709030151]","[0.1729666143655777, 0.1570196896791458, 0.08955822885036469, 0.07080403715372086, 0.056737154722213745]","[0.17883706092834473, 0.15580371022224426, 0.10251355171203613, 0.0868050828576088, 0.08532816916704178]","[0.482110857963562, 0.49317193031311035, 0.5067272186279297, 0.509342610836029, 0.5102319717407227]","[0.5039747357368469, 0.5062287449836731, 0.514206051826477, 0.5146147608757019, 0.5151245594024658]",0.88709,0.927,0.8821,0.8769,0.90368,0.85694,466,108,0.88213,0.91772,0.8763,0.87923,0.90963,0.8683
0.5,0.07,6,1.0,"[0.85002, 0.85638, 0.85676, 0.85529, 0.85399, 0.85487, 0.85447, 0.8532]","[0.90247, 0.90291, 0.90013, 0.89872, 0.89681, 0.89538, 0.89477, 0.89359]","[0.87527, 0.87498, 0.87338, 0.87279, 0.87192, 0.87133, 0.8709, 0.87046]","[0.84079, 0.84747, 0.84699, 0.852, 0.85377, 0.85989, 0.85864, 0.85888]","[0.88803, 0.88946, 0.88841, 0.89276, 0.8971, 0.89824, 0.89917, 0.90041]","[0.87048, 0.86989, 0.86931, 0.87048, 0.87281, 0.8734, 0.8734, 0.87456]","[0.6430221199989319, 0.6429893970489502, 0.5925461053848267, 0.5722125768661499, 0.568421483039856, 0.5799888372421265, 0.5607580542564392, 0.5572798252105713]","[0.6762937903404236, 0.6589798927307129, 0.6160222291946411, 0.6028996706008911, 0.6016784906387329, 0.6073524355888367, 0.5930487513542175, 0.5922412276268005]","[0.1656678020954132, 0.15448036789894104, 0.09038332104682922, 0.06428269296884537, 0.05893972888588905, 0.06909853965044022, 0.05105023458600044, 0.050379686057567596]","[0.17167270183563232, 0.15411046147346497, 0.10487181693315506, 0.0885540023446083, 0.08621964603662491, 0.09094013273715973, 0.07788819819688797, 0.07962352782487869]","[0.47734779119491577, 0.4885869324207306, 0.5022720694541931, 0.5079339742660522, 0.5094130635261536, 0.5108773112297058, 0.5097036957740784, 0.5068627595901489]","[0.5048100352287292, 0.5052831768989563, 0.511544942855835, 0.514665961265564, 0.5157346129417419, 0.516772449016571, 0.5153183341026306, 0.5128864645957947]",0.87527,0.90247,0.85002,0.87048,0.88803,0.84079,534,189,0.87046,0.89359,0.8532,0.87456,0.90041,0.85888
0.5,0.05,7,1.0,"[0.87217, 0.87117, 0.87309, 0.87418, 0.87345, 0.87114, 0.87085, 0.87143, 0.87049, 0.87068]","[0.91951, 0.9147, 0.91434, 0.91506, 0.91317, 0.91072, 0.9106, 0.91044, 0.90923, 0.90889]","[0.88694, 0.88446, 0.88417, 0.88388, 0.88301, 0.88184, 0.8814, 0.88125, 0.88067, 0.88038]","[0.86657, 0.86545, 0.86706, 0.87222, 0.87037, 0.8671, 0.86996, 0.86836, 0.86662, 0.8712]","[0.90316, 0.89886, 0.90135, 0.90722, 0.90665, 0.90573, 0.9068, 0.90656, 0.90202, 0.90364]","[0.88156, 0.87806, 0.87865, 0.88098, 0.88156, 0.8804, 0.88098, 0.88098, 0.87923, 0.87981]","[0.6668789982795715, 0.648587167263031, 0.5903470516204834, 0.5679180026054382, 0.5646374225616455, 0.5633409023284912, 0.5607686042785645, 0.5631396174430847, 0.5568481683731079, 0.5508001446723938]","[0.6920341849327087, 0.6598313450813293, 0.6122660636901855, 0.5984258651733398, 0.5967660546302795, 0.5939330458641052, 0.5967302322387695, 0.6011902093887329, 0.5919737815856934, 0.5913764238357544]","[0.18471325933933258, 0.15608978271484375, 0.0855470821261406, 0.060126952826976776, 0.05354052037000656, 0.0546828955411911, 0.051711250096559525, 0.05309522524476051, 0.04887964576482773, 0.0415601022541523]","[0.1891845464706421, 0.15473583340644836, 0.10069359838962555, 0.0854850485920906, 0.0810936838388443, 0.08119436353445053, 0.08371137827634811, 0.08660348504781723, 0.07975243777036667, 0.07845146209001541]","[0.48218345642089844, 0.49259239435195923, 0.5048930644989014, 0.5077942609786987, 0.5110766291618347, 0.5085713863372803, 0.5090330839157104, 0.5099738240242004, 0.507959246635437, 0.5092166066169739]","[0.5029612183570862, 0.5054467916488647, 0.5118436813354492, 0.5131832957267761, 0.5160021185874939, 0.5131571888923645, 0.5133631825447083, 0.5148619413375854, 0.5126054883003235, 0.5133434534072876]",0.88694,0.91951,0.87217,0.88156,0.90316,0.86657,575,243,0.88038,0.90889,0.87068,0.87981,0.90364,0.8712
0.5,0.05,7,1.0,"[0.86062, 0.86871, 0.8701, 0.86923, 0.86639, 0.86624, 0.86558, 0.86188, 0.85949, 0.85752, 0.85623, 0.85621]","[0.90594, 0.9089, 0.90964, 0.90905, 0.90553, 0.90664, 0.90298, 0.89776, 0.89443, 0.89061, 0.88874, 0.88848]","[0.88009, 0.88125, 0.88111, 0.88053, 0.87877, 0.87921, 0.87746, 0.87484, 0.87323, 0.87119, 0.87002, 0.86973]","[0.85768, 0.85462, 0.85976, 0.86876, 0.86889, 0.8724, 0.86908, 0.86548, 0.85897, 0.85912, 0.85512, 0.85286]","[0.90045, 0.89494, 0.89807, 0.9063, 0.90888, 0.91111, 0.90878, 0.90565, 0.89971, 0.89614, 0.89071, 0.88839]","[0.87806, 0.87573, 0.87748, 0.88098, 0.88156, 0.88273, 0.88156, 0.87923, 0.8769, 0.87515, 0.8734, 0.87165]","[0.6602923274040222, 0.6504015326499939, 0.5970495343208313, 0.5732791423797607, 0.5855746269226074, 0.5748046636581421, 0.5861262679100037, 0.5644173622131348, 0.5609604120254517, 0.5519955158233643, 0.5722851753234863, 0.5773263573646545]","[0.6887215375900269, 0.6642740964889526, 0.6198194622993469, 0.6051346659660339, 0.6115622520446777, 0.606231153011322, 0.6190937161445618, 0.5985086560249329, 0.6046653985977173, 0.5996415019035339, 0.6073598861694336, 0.6111429333686829]","[0.18043851852416992, 0.15992945432662964, 0.09496080130338669, 0.06709868460893631, 0.0723399817943573, 0.06362041085958481, 0.07378268241882324, 0.05616000294685364, 0.052894752472639084, 0.04326578974723816, 0.0646904781460762, 0.06633270531892776]","[0.18517351150512695, 0.15909035503864288, 0.10928329080343246, 0.0929078608751297, 0.09247337281703949, 0.09068568050861359, 0.10155884176492691, 0.08503603935241699, 0.09103254228830338, 0.08509112894535065, 0.09467913955450058, 0.09550905227661133]","[0.4798242747783661, 0.49054282903671265, 0.5021836757659912, 0.5061919689178467, 0.5131823420524597, 0.5111508965492249, 0.5122196674346924, 0.5082151889801025, 0.5080322623252869, 0.508655309677124, 0.5074103474617004, 0.5107308626174927]","[0.5038439631462097, 0.5055010914802551, 0.510827898979187, 0.5125166773796082, 0.5194849967956543, 0.5157378911972046, 0.5178336501121521, 0.5136589407920837, 0.5136982798576355, 0.5146624445915222, 0.5129099488258362, 0.5158104300498962]",0.88009,0.90594,0.86062,0.87806,0.90045,0.85768,633,297,0.86973,0.88848,0.85621,0.87165,0.88839,0.85286
0.1,0.09,7,1.0,"[0.86493, 0.86704, 0.86662, 0.8676, 0.86789, 0.86831, 0.86634, 0.86518, 0.86454, 0.86421]","[0.9095, 0.90843, 0.90721, 0.90843, 0.90795, 0.90624, 0.9041, 0.90289, 0.90158, 0.9013]","[0.88198, 0.88169, 0.8814, 0.88184, 0.8814, 0.88023, 0.87921, 0.87863, 0.87805, 0.8779]","[0.8517, 0.85627, 0.86446, 0.87846, 0.8818, 0.87405, 0.87231, 0.87992, 0.8812, 0.8812]","[0.89121, 0.89418, 0.90056, 0.91334, 0.91863, 0.91068, 0.91052, 0.91652, 0.91728, 0.91728]","[0.87573, 0.8769, 0.87981, 0.88506, 0.88681, 0.88331, 0.88331, 0.88506, 0.88565, 0.88565]","[0.65366530418396, 0.6587439179420471, 0.6170457005500793, 0.6099257469177246, 0.6040142774581909, 0.5845770239830017, 0.5861868858337402, 0.5814088582992554, 0.5794715285301208, 0.5754387974739075]","[0.6846246719360352, 0.6762902736663818, 0.6439184546470642, 0.6355645060539246, 0.63893061876297, 0.6248263716697693, 0.6247642636299133, 0.6217576861381531, 0.6254855990409851, 0.6217586994171143]","[0.1737455576658249, 0.1641824096441269, 0.10921449959278107, 0.09448326379060745, 0.08757776767015457, 0.07166709005832672, 0.07241124659776688, 0.06881318986415863, 0.0675845518708229, 0.06163657084107399]","[0.178273543715477, 0.1672428399324417, 0.1273418813943863, 0.11488968133926392, 0.11653126776218414, 0.10605494678020477, 0.10521820932626724, 0.1037050113081932, 0.10702737420797348, 0.10158324986696243]","[0.47993600368499756, 0.494646817445755, 0.5079195499420166, 0.5153999924659729, 0.516489565372467, 0.5129026174545288, 0.5136476755142212, 0.5124846696853638, 0.5119000673294067, 0.513788104057312]","[0.5063814520835876, 0.509317934513092, 0.5166191458702087, 0.520869791507721, 0.5224837064743042, 0.518994152545929, 0.5196698307991028, 0.518229067325592, 0.5184759497642517, 0.520331084728241]",0.88198,0.9095,0.86493,0.87573,0.89121,0.8517,527,243,0.8779,0.9013,0.86421,0.88565,0.91728,0.8812
0.1,0.09,7,1.0,"[0.8641, 0.86848, 0.87025, 0.86781, 0.86555, 0.86249, 0.86178, 0.8626, 0.86101, 0.8605]","[0.91156, 0.91152, 0.9076, 0.9024, 0.89854, 0.89504, 0.89321, 0.89326, 0.89134, 0.89109]","[0.88957, 0.88665, 0.8833, 0.88053, 0.87848, 0.87673, 0.87571, 0.87557, 0.87484, 0.87454]","[0.85274, 0.8663, 0.87426, 0.87786, 0.87091, 0.86622, 0.86997, 0.86755, 0.86238, 0.86041]","[0.89478, 0.90248, 0.91067, 0.91271, 0.90634, 0.90241, 0.90642, 0.90398, 0.89943, 0.89705]","[0.88098, 0.88156, 0.88448, 0.88448, 0.88215, 0.8804, 0.88273, 0.88098, 0.87923, 0.87748]","[0.6513897180557251, 0.65195232629776, 0.6151540875434875, 0.6058829426765442, 0.6027749180793762, 0.604396641254425, 0.6037195324897766, 0.5983531475067139, 0.5777329802513123, 0.5845992565155029]","[0.6812413930892944, 0.6697944402694702, 0.6420043110847473, 0.6367175579071045, 0.6357309222221375, 0.6329931020736694, 0.6403451561927795, 0.630351722240448, 0.6223142147064209, 0.6317223310470581]","[0.17088139057159424, 0.15713556110858917, 0.10758811980485916, 0.09093932062387466, 0.08573462069034576, 0.08898888528347015, 0.08850769698619843, 0.08702915161848068, 0.06305975466966629, 0.07125315070152283]","[0.17537282407283783, 0.16103419661521912, 0.126484677195549, 0.1162881851196289, 0.11204586923122406, 0.11247789114713669, 0.1176389530301094, 0.11240004003047943, 0.10194872319698334, 0.11152937263250351]","[0.4805169999599457, 0.49489158391952515, 0.5076415538787842, 0.5149099230766296, 0.5170935392379761, 0.5153782963752747, 0.515241265296936, 0.5113380551338196, 0.5145712494850159, 0.5132224559783936]","[0.5059393644332886, 0.509145975112915, 0.5158777236938477, 0.5207904577255249, 0.5238909125328064, 0.5207678079605103, 0.5228508114814758, 0.5181246399879456, 0.5205645561218262, 0.5205853581428528]",0.88957,0.91156,0.8641,0.88098,0.89478,0.85274,533,243,0.87454,0.89109,0.8605,0.87748,0.89705,0.86041
0.1,0.07,7,1.0,"[0.87809, 0.87528, 0.87997, 0.87624, 0.87245, 0.87173, 0.86902, 0.86733, 0.86673, 0.86471, 0.86498]","[0.92144, 0.91778, 0.91689, 0.91274, 0.90919, 0.90794, 0.90562, 0.90437, 0.90314, 0.90013, 0.90044]","[0.88855, 0.88607, 0.88519, 0.88315, 0.88169, 0.88096, 0.8798, 0.87907, 0.87863, 0.87732, 0.87732]","[0.8482, 0.85335, 0.86289, 0.86646, 0.87258, 0.87318, 0.87238, 0.87064, 0.86936, 0.86499, 0.86658]","[0.88999, 0.89178, 0.90211, 0.9054, 0.91081, 0.91251, 0.91289, 0.91201, 0.90797, 0.90456, 0.90658]","[0.88098, 0.8769, 0.8804, 0.88156, 0.88448, 0.88506, 0.88448, 0.8839, 0.88215, 0.8804, 0.88098]","[0.6491649150848389, 0.660194993019104, 0.6226397752761841, 0.6209385395050049, 0.6211069822311401, 0.5842090845108032, 0.5950693488121033, 0.5886862277984619, 0.602445125579834, 0.5798413753509521, 0.5827082395553589]","[0.6810634732246399, 0.6769475936889648, 0.6488417387008667, 0.6496824622154236, 0.6419378519058228, 0.6266536712646484, 0.6332926750183105, 0.6298399567604065, 0.6416898965835571, 0.6262109279632568, 0.6267770528793335]","[0.1699802577495575, 0.16653239727020264, 0.11417005956172943, 0.10322009027004242, 0.10398488491773605, 0.06918618083000183, 0.08027631789445877, 0.07371263951063156, 0.08545590192079544, 0.06717444211244583, 0.07113762944936752]","[0.17537769675254822, 0.16885747015476227, 0.13316628336906433, 0.12598645687103271, 0.12039870768785477, 0.10619207471609116, 0.11260087788105011, 0.10941391438245773, 0.11915766447782516, 0.10779106616973877, 0.10823338478803635]","[0.47915804386138916, 0.49373534321784973, 0.5085453987121582, 0.5177040100097656, 0.5172046422958374, 0.5150653123855591, 0.5146812796592712, 0.5148317813873291, 0.5168711543083191, 0.5125219821929932, 0.5114888548851013]","[0.5058907866477966, 0.5083576440811157, 0.5159187316894531, 0.5239164233207703, 0.5216286182403564, 0.5205603837966919, 0.520830512046814, 0.5206499695777893, 0.5228014588356018, 0.5187055468559265, 0.5186413526535034]",0.88855,0.92144,0.87809,0.88098,0.88999,0.8482,589,270,0.87732,0.90044,0.86498,0.88098,0.90658,0.86658
0.6,0.06,7,1.0,"[0.87497, 0.87514, 0.87313, 0.87463, 0.87219, 0.87226, 0.87282, 0.87372, 0.87366]","[0.91865, 0.91653, 0.91474, 0.91535, 0.91264, 0.91232, 0.91136, 0.91101, 0.91073]","[0.88753, 0.88607, 0.88505, 0.88505, 0.8833, 0.88344, 0.88257, 0.88213, 0.88213]","[0.85628, 0.8533, 0.86279, 0.86353, 0.86095, 0.8598, 0.86187, 0.8632, 0.86637]","[0.89689, 0.89036, 0.89744, 0.90081, 0.89602, 0.89526, 0.89714, 0.89627, 0.90132]","[0.87806, 0.87515, 0.87806, 0.87865, 0.8769, 0.87631, 0.87748, 0.8769, 0.87923]","[0.6664735674858093, 0.6545267105102539, 0.5956197381019592, 0.5686928033828735, 0.562770426273346, 0.5658390522003174, 0.5656662583351135, 0.5560638308525085, 0.5574390888214111]","[0.6970587372779846, 0.6693167090415955, 0.6167336106300354, 0.6007425785064697, 0.5974900722503662, 0.6008129119873047, 0.603646457195282, 0.5941687226295471, 0.59366375207901]","[0.18756507337093353, 0.16536732017993927, 0.09416741877794266, 0.062355849891901016, 0.05338922515511513, 0.05637447535991669, 0.054860588163137436, 0.048135656863451004, 0.049518343061208725]","[0.19303789734840393, 0.16456857323646545, 0.10630127042531967, 0.0877297893166542, 0.08211962133646011, 0.08649086952209473, 0.08776143938302994, 0.08100082725286484, 0.08088033646345139]","[0.47888466715812683, 0.4892778992652893, 0.50156170129776, 0.5063532590866089, 0.5093300342559814, 0.5093756318092346, 0.5107165575027466, 0.5078915357589722, 0.5078794956207275]","[0.5042592287063599, 0.5051870942115784, 0.5107137560844421, 0.5132544636726379, 0.515630841255188, 0.5146201848983765, 0.5161017775535583, 0.5133162140846252, 0.5129790902137756]",0.88753,0.91865,0.87497,0.87806,0.89689,0.85628,566,216,0.88213,0.91073,0.87366,0.87923,0.90132,0.86637
0.6,0.05,7,1.0,"[0.87213, 0.87856, 0.87891, 0.87741, 0.87373, 0.87518, 0.87229, 0.86934, 0.86896]","[0.91542, 0.91855, 0.91708, 0.9159, 0.91144, 0.91271, 0.90968, 0.90602, 0.90586]","[0.88534, 0.88578, 0.88446, 0.88359, 0.88169, 0.88198, 0.88038, 0.87848, 0.87819]","[0.86555, 0.86871, 0.87064, 0.87301, 0.86956, 0.87415, 0.86847, 0.86698, 0.8667]","[0.90339, 0.90559, 0.907, 0.90806, 0.90481, 0.9125, 0.90541, 0.90586, 0.90592]","[0.87981, 0.88098, 0.88156, 0.88215, 0.8804, 0.88331, 0.8804, 0.87981, 0.87981]","[0.6605185270309448, 0.6460745334625244, 0.5969464182853699, 0.572400689125061, 0.568050742149353, 0.5680744647979736, 0.5602684617042542, 0.567457377910614, 0.5625666379928589]","[0.6864534020423889, 0.6585456728935242, 0.6153026819229126, 0.6003825068473816, 0.5959742665290833, 0.6003366708755493, 0.5928710103034973, 0.5948085188865662, 0.5989254713058472]","[0.1781521737575531, 0.15378153324127197, 0.09400062263011932, 0.06396814435720444, 0.05810771882534027, 0.05690188705921173, 0.05000653117895126, 0.05820884183049202, 0.05198204889893532]","[0.18280018866062164, 0.15329964458942413, 0.10484572499990463, 0.08613325655460358, 0.08173234760761261, 0.0847964659333229, 0.07836102694272995, 0.081976018846035, 0.08472291380167007]","[0.48235973715782166, 0.492340087890625, 0.5030391812324524, 0.5084561705589294, 0.5098939538002014, 0.5111913681030273, 0.5102480053901672, 0.5091587901115417, 0.5105764865875244]","[0.5038492679595947, 0.5055491924285889, 0.5106479525566101, 0.5143619775772095, 0.5144795179367065, 0.5156322717666626, 0.5147966742515564, 0.5131053328514099, 0.5144625902175903]",0.88534,0.91542,0.87213,0.87981,0.90339,0.86555,560,216,0.87819,0.90586,0.86896,0.87981,0.90592,0.8667
0.6,0.05,6,1.0,"[0.86505, 0.86555, 0.85913, 0.85449, 0.85192, 0.851]","[0.91267, 0.90855, 0.89914, 0.89151, 0.88699, 0.88543]","[0.87717, 0.87629, 0.87221, 0.86871, 0.86681, 0.86623]","[0.858, 0.85106, 0.8539, 0.85081, 0.85706, 0.85358]","[0.905, 0.89249, 0.88755, 0.88407, 0.89294, 0.89004]","[0.87573, 0.86989, 0.86814, 0.86639, 0.86989, 0.86873]","[0.66246098279953, 0.6437934637069702, 0.5876061320304871, 0.5674785375595093, 0.5663672685623169, 0.5645998120307922]","[0.6879743337631226, 0.654087483882904, 0.6075921058654785, 0.592527449131012, 0.5975364446640015, 0.5991320610046387]","[0.17946279048919678, 0.15099218487739563, 0.0825372263789177, 0.05951017886400223, 0.05594427138566971, 0.052334029227495193]","[0.1840750128030777, 0.14866337180137634, 0.09556577354669571, 0.07989637553691864, 0.08306686580181122, 0.0824536457657814]","[0.4830312728881836, 0.49288520216941833, 0.5051504969596863, 0.5079842209815979, 0.5104184746742249, 0.51218181848526]","[0.5040640830993652, 0.5057554841041565, 0.5123453140258789, 0.5129637122154236, 0.514693558216095, 0.5169273018836975]",0.87717,0.91267,0.86505,0.87573,0.905,0.858,434,135,0.86623,0.88543,0.851,0.86873,0.89004,0.85358
0.6,0.08,7,1.0,"[0.87027, 0.87104, 0.87317, 0.87413, 0.87084, 0.87327, 0.87299, 0.8722, 0.87144, 0.8713, 0.87186, 0.87219, 0.87261]","[0.9141, 0.91189, 0.91344, 0.9129, 0.90946, 0.90989, 0.90805, 0.90776, 0.90647, 0.90566, 0.90626, 0.90587, 0.90569]","[0.88403, 0.88286, 0.88315, 0.88286, 0.8814, 0.8814, 0.88067, 0.88053, 0.87994, 0.8798, 0.87994, 0.8795, 0.87936]","[0.861, 0.86023, 0.86908, 0.86978, 0.8673, 0.87109, 0.86749, 0.86931, 0.86786, 0.86795, 0.86446, 0.87125, 0.86713]","[0.9025, 0.89658, 0.90187, 0.9058, 0.90239, 0.90821, 0.90256, 0.90767, 0.90215, 0.90217, 0.90133, 0.91008, 0.90466]","[0.88098, 0.87748, 0.8804, 0.88156, 0.8804, 0.88215, 0.87981, 0.88215, 0.87981, 0.87981, 0.87923, 0.88331, 0.87981]","[0.6579927206039429, 0.6477274894714355, 0.5925205945968628, 0.5679571032524109, 0.5686355829238892, 0.5742368698120117, 0.5626376271247864, 0.5527257323265076, 0.5559234023094177, 0.5705655217170715, 0.562705397605896, 0.5670701861381531, 0.5615090727806091]","[0.6856722831726074, 0.6609742641448975, 0.6140175461769104, 0.5991442203521729, 0.6013122200965881, 0.6022148728370667, 0.5987519025802612, 0.5918267369270325, 0.5919198989868164, 0.6055966019630432, 0.5992893576622009, 0.6006487011909485, 0.5934187769889832]","[0.1769077628850937, 0.15680484473705292, 0.08906348794698715, 0.05957803875207901, 0.05740971863269806, 0.06113022193312645, 0.05243385583162308, 0.04338892921805382, 0.04775385931134224, 0.05891043692827225, 0.05267529562115669, 0.05713159963488579, 0.05360930785536766]","[0.18164460361003876, 0.15552054345607758, 0.10264641791582108, 0.08506892621517181, 0.0850922018289566, 0.0848037376999855, 0.08392330259084702, 0.07754379510879517, 0.07903041690587997, 0.08981107175350189, 0.08489871770143509, 0.08612772077322006, 0.08072303235530853]","[0.48105424642562866, 0.49098968505859375, 0.5035521984100342, 0.5083911418914795, 0.5111618638038635, 0.5131022334098816, 0.5101723670959473, 0.509289026260376, 0.5081207156181335, 0.5115096569061279, 0.5099865794181824, 0.5098114013671875, 0.5077996253967285]","[0.5042353868484497, 0.5058664083480835, 0.5116806030273438, 0.5143224596977234, 0.5165427327156067, 0.5174395442008972, 0.5150310397148132, 0.5143386721611023, 0.5131272673606873, 0.5160834193229675, 0.51468425989151, 0.5147609114646912, 0.5130819082260132]",0.88403,0.9141,0.87027,0.88098,0.9025,0.861,712,324,0.87936,0.90569,0.87261,0.87981,0.90466,0.86713
0.7,0.05,7,1.0,"[0.85614, 0.86984, 0.86943, 0.86467, 0.86005, 0.86004, 0.85676, 0.85592, 0.85561, 0.85559, 0.855, 0.85418, 0.85522]","[0.90345, 0.91255, 0.9101, 0.90578, 0.89887, 0.89725, 0.89466, 0.89317, 0.89191, 0.89058, 0.88977, 0.88849, 0.88896]","[0.88082, 0.8814, 0.88009, 0.8779, 0.87469, 0.87352, 0.87163, 0.87061, 0.87002, 0.86929, 0.86871, 0.86813, 0.86813]","[0.84211, 0.85023, 0.8535, 0.86219, 0.86075, 0.86017, 0.85587, 0.85098, 0.84965, 0.84932, 0.85185, 0.85016, 0.847]","[0.88548, 0.88554, 0.88803, 0.89527, 0.89128, 0.89303, 0.88999, 0.88477, 0.88224, 0.87588, 0.88255, 0.88231, 0.87826]","[0.87515, 0.87281, 0.87281, 0.87515, 0.8734, 0.87281, 0.87165, 0.86873, 0.86814, 0.86523, 0.86814, 0.86756, 0.86581]","[0.6605463624000549, 0.6474833488464355, 0.5938723087310791, 0.5702293515205383, 0.5716832280158997, 0.5779446959495544, 0.5596720576286316, 0.5595687627792358, 0.5683303475379944, 0.5628407597541809, 0.5590333342552185, 0.5575819611549377, 0.5520495772361755]","[0.6901423931121826, 0.6615341901779175, 0.6143032312393188, 0.5991501808166504, 0.6025311350822449, 0.6063909530639648, 0.5946081280708313, 0.6001089811325073, 0.6063466668128967, 0.6022063493728638, 0.5997859835624695, 0.5996163487434387, 0.5954613089561462]","[0.1810133308172226, 0.15909497439861298, 0.0931466743350029, 0.06374170631170273, 0.0629262626171112, 0.066879503428936, 0.05139611288905144, 0.050818219780921936, 0.05945415794849396, 0.054114729166030884, 0.05077209323644638, 0.04905683547258377, 0.044401366263628006]","[0.18619433045387268, 0.15752755105495453, 0.10452058166265488, 0.08604800701141357, 0.08839207142591476, 0.09005896002054214, 0.08133061230182648, 0.08664724975824356, 0.09287294000387192, 0.08879049122333527, 0.08677466213703156, 0.08666229248046875, 0.08356491476297379]","[0.47950807213783264, 0.4884677231311798, 0.5008125901222229, 0.5064865946769714, 0.5086460113525391, 0.5110082030296326, 0.5082257986068726, 0.5086487531661987, 0.5087428689002991, 0.5086180567741394, 0.5082263946533203, 0.5083919167518616, 0.5075787901878357]","[0.5041465163230896, 0.5042871236801147, 0.5100839734077454, 0.5134095549583435, 0.5145050883293152, 0.5165539383888245, 0.5134658217430115, 0.5135899186134338, 0.5137667655944824, 0.5135842561721802, 0.5130549669265747, 0.5130898952484131, 0.5121897459030151]",0.88082,0.90345,0.85614,0.87515,0.88548,0.84211,757,324,0.86813,0.88896,0.85522,0.86581,0.87826,0.847
0.7,0.07,7,1.0,"[0.87003, 0.87377, 0.87097, 0.86955, 0.86911, 0.86573, 0.86559, 0.86422, 0.86227, 0.86196, 0.86139]","[0.92002, 0.91872, 0.91407, 0.91106, 0.90742, 0.90549, 0.90445, 0.90265, 0.90011, 0.89895, 0.89847]","[0.88549, 0.88519, 0.88359, 0.88213, 0.88038, 0.87921, 0.87877, 0.8779, 0.87702, 0.87629, 0.87615]","[0.84799, 0.85776, 0.86417, 0.86755, 0.86821, 0.87026, 0.86495, 0.86555, 0.86536, 0.86076, 0.86248]","[0.89778, 0.89927, 0.90386, 0.90906, 0.90795, 0.91088, 0.90674, 0.90718, 0.90437, 0.9013, 0.90408]","[0.8769, 0.87806, 0.88098, 0.88273, 0.88215, 0.8839, 0.88215, 0.88098, 0.87923, 0.87806, 0.87923]","[0.6632301211357117, 0.648832380771637, 0.5900588631629944, 0.5664964318275452, 0.5696051120758057, 0.5661024451255798, 0.5604308843612671, 0.5620731711387634, 0.5629490613937378, 0.5517631769180298, 0.5575168132781982]","[0.6876415610313416, 0.661156415939331, 0.6103702783584595, 0.5957459807395935, 0.5958285927772522, 0.599364161491394, 0.5973448157310486, 0.5928342342376709, 0.5967772006988525, 0.5919970273971558, 0.5972169041633606]","[0.1792798936367035, 0.15656372904777527, 0.08637481182813644, 0.05807625874876976, 0.05771293863654137, 0.054519105702638626, 0.0465509258210659, 0.050597887486219406, 0.05143183097243309, 0.0402287021279335, 0.04639996588230133]","[0.18312570452690125, 0.1555844098329544, 0.09923343360424042, 0.0818902924656868, 0.07954343408346176, 0.08401836454868317, 0.07939577847719193, 0.07778996974229813, 0.08205314725637436, 0.07693983614444733, 0.08296043425798416]","[0.48393362760543823, 0.49234244227409363, 0.5037874579429626, 0.5084477663040161, 0.5118387937545776, 0.5116505026817322, 0.5138490200042725, 0.5114132165908813, 0.5114740133285522, 0.5115227699279785, 0.5110711455345154]","[0.5047368407249451, 0.5058798789978027, 0.511353075504303, 0.5140246748924255, 0.5166451334953308, 0.5154737234115601, 0.5181211233139038, 0.5152939558029175, 0.5149595141410828, 0.5153552889823914, 0.5144489407539368]",0.88549,0.92002,0.87003,0.8769,0.89778,0.84799,640,270,0.87615,0.89847,0.86139,0.87923,0.90408,0.86248
0.7,0.08,7,1.0,"[0.87532, 0.88328, 0.88154, 0.88059, 0.88053, 0.87436, 0.86769, 0.86656, 0.86374, 0.8626, 0.86282]","[0.92024, 0.92416, 0.92202, 0.92131, 0.92086, 0.91353, 0.90558, 0.90329, 0.90043, 0.89836, 0.89832]","[0.88651, 0.88694, 0.88592, 0.88549, 0.88505, 0.88125, 0.87717, 0.876, 0.87454, 0.87352, 0.87338]","[0.85809, 0.86417, 0.87412, 0.87709, 0.87955, 0.87008, 0.86761, 0.8607, 0.86719, 0.8606, 0.85779]","[0.90024, 0.90156, 0.91132, 0.91494, 0.91722, 0.90705, 0.9073, 0.89845, 0.90224, 0.89484, 0.8926]","[0.87981, 0.87923, 0.88273, 0.88506, 0.88623, 0.88156, 0.88098, 0.8769, 0.87748, 0.87456, 0.87398]","[0.6704587340354919, 0.655352771282196, 0.5971887111663818, 0.5725056529045105, 0.5651471018791199, 0.5624770522117615, 0.5779876112937927, 0.5661543607711792, 0.5608586668968201, 0.5625354647636414, 0.5608451962471008]","[0.6968477964401245, 0.6674630045890808, 0.6168308258056641, 0.6004233360290527, 0.5956282615661621, 0.5938759446144104, 0.6116102933883667, 0.605191707611084, 0.5991299152374268, 0.6004557609558105, 0.6032070517539978]","[0.1881089210510254, 0.1636325865983963, 0.09391269832849503, 0.06379501521587372, 0.05437372252345085, 0.05169529840350151, 0.06660427153110504, 0.05405145138502121, 0.048505719751119614, 0.0516095831990242, 0.04540324956178665]","[0.19345247745513916, 0.16268260776996613, 0.10592211037874222, 0.08601290732622147, 0.07978979498147964, 0.07923265546560287, 0.09614743292331696, 0.08973520249128342, 0.0830644965171814, 0.08639580011367798, 0.08467071503400803]","[0.4823155999183655, 0.4917987287044525, 0.5033710598945618, 0.5087287425994873, 0.5107254385948181, 0.5106818675994873, 0.5112414360046387, 0.5120030045509338, 0.5122730135917664, 0.510899543762207, 0.5153361558914185]","[0.5035367608070374, 0.5050920844078064, 0.5111962556838989, 0.5146488547325134, 0.5160736441612244, 0.5149006247520447, 0.5156489014625549, 0.5157226920127869, 0.5161864757537842, 0.5141797661781311, 0.5187001824378967]",0.88651,0.92024,0.87532,0.87981,0.90024,0.85809,679,270,0.87338,0.89832,0.86282,0.87398,0.8926,0.85779
0.7,0.06,7,1.0,"[0.88545, 0.88073, 0.87639, 0.87397, 0.87045, 0.87069, 0.86857, 0.86754, 0.86689, 0.86519, 0.86484, 0.86503]","[0.92671, 0.92152, 0.91564, 0.91026, 0.90375, 0.90471, 0.90022, 0.89924, 0.89714, 0.8948, 0.89368, 0.89387]","[0.89001, 0.88767, 0.8849, 0.88257, 0.87936, 0.87936, 0.87775, 0.87717, 0.876, 0.87498, 0.8744, 0.87454]","[0.8663, 0.87064, 0.87984, 0.87873, 0.87509, 0.87907, 0.87215, 0.87796, 0.87512, 0.87415, 0.86477, 0.87295]","[0.91003, 0.90974, 0.91739, 0.91456, 0.913, 0.91661, 0.91159, 0.91497, 0.91075, 0.90991, 0.89547, 0.90928]","[0.88448, 0.8839, 0.88623, 0.88506, 0.8839, 0.88565, 0.88331, 0.88506, 0.88331, 0.88273, 0.8769, 0.88273]","[0.6669674515724182, 0.6458924412727356, 0.589688241481781, 0.5643291473388672, 0.5700539946556091, 0.569307267665863, 0.5598146915435791, 0.5669583678245544, 0.5617792010307312, 0.5708479881286621, 0.5934743285179138, 0.5601970553398132]","[0.6880694031715393, 0.6566386222839355, 0.6095067858695984, 0.5925780534744263, 0.6004218459129333, 0.5949975252151489, 0.5956897735595703, 0.6024801135063171, 0.5979397892951965, 0.6031720042228699, 0.6216328740119934, 0.5940760970115662]","[0.18186938762664795, 0.15221244096755981, 0.08599910140037537, 0.05694403499364853, 0.060483865439891815, 0.059842538088560104, 0.05017850548028946, 0.055988118052482605, 0.04895785450935364, 0.05925805866718292, 0.07702832669019699, 0.04887140542268753]","[0.1843547523021698, 0.15112052857875824, 0.09892464429140091, 0.08035922050476074, 0.08630679547786713, 0.08169359713792801, 0.08276233822107315, 0.08821233361959457, 0.08174252510070801, 0.08884786069393158, 0.10243026912212372, 0.07986979931592941]","[0.4851088225841522, 0.4937712848186493, 0.5037782192230225, 0.5074057579040527, 0.5094861388206482, 0.5094149708747864, 0.5095915198326111, 0.5108190178871155, 0.5126992464065552, 0.5115053653717041, 0.5162215232849121, 0.5113321542739868]","[0.5039563775062561, 0.5058565735816956, 0.5109094381332397, 0.5125415921211243, 0.5144046545028687, 0.5135714411735535, 0.5134797096252441, 0.5147265791893005, 0.5164758563041687, 0.5145256519317627, 0.5194642543792725, 0.5143989324569702]",0.89001,0.92671,0.88545,0.88448,0.91003,0.8663,733,297,0.87454,0.89387,0.86503,0.88273,0.90928,0.87295
0.8,0.06,6,1.0,"[0.85674, 0.86184, 0.85987, 0.8593, 0.86078, 0.86017, 0.8573, 0.8579, 0.85837]","[0.91211, 0.91025, 0.90764, 0.90535, 0.90495, 0.90302, 0.90061, 0.9006, 0.90059]","[0.88053, 0.87877, 0.87717, 0.87644, 0.87615, 0.87542, 0.8744, 0.87425, 0.87411]","[0.84119, 0.84704, 0.84862, 0.8537, 0.85284, 0.84954, 0.85559, 0.85497, 0.85323]","[0.89003, 0.88741, 0.88959, 0.89205, 0.89052, 0.88745, 0.89254, 0.88946, 0.89049]","[0.87165, 0.86989, 0.87048, 0.87106, 0.87106, 0.86989, 0.87106, 0.87048, 0.87106]","[0.6591770052909851, 0.6453631520271301, 0.5879782438278198, 0.5621652007102966, 0.5598483681678772, 0.5575436949729919, 0.5503923892974854, 0.5422967076301575, 0.545045018196106]","[0.687425434589386, 0.6577547192573547, 0.6060971021652222, 0.5896852612495422, 0.588005542755127, 0.5885860323905945, 0.5824470520019531, 0.5802638530731201, 0.5851081013679504]","[0.17722651362419128, 0.1544404923915863, 0.08465851098299026, 0.05372833460569382, 0.049129147082567215, 0.04782771319150925, 0.040844861418008804, 0.03344213590025902, 0.03536383435130119]","[0.1827591359615326, 0.152878075838089, 0.09548863023519516, 0.07615979015827179, 0.07287716120481491, 0.07474905997514725, 0.06870634108781815, 0.06742163747549057, 0.07120894640684128]","[0.4819434583187103, 0.4909944534301758, 0.503391683101654, 0.5084445476531982, 0.5106475353240967, 0.5097073316574097, 0.5095183849334717, 0.5088133215904236, 0.5096063613891602]","[0.5049070119857788, 0.5052626729011536, 0.5110234618186951, 0.513863742351532, 0.5154425501823425, 0.514111340045929, 0.5139080882072449, 0.5129843354225159, 0.5140432715415955]",0.88053,0.91211,0.85674,0.87165,0.89003,0.84119,609,216,0.87411,0.90059,0.85837,0.87106,0.89049,0.85323
0.8,0.05,7,1.0,"[0.86003, 0.86324, 0.85805, 0.85858, 0.85757, 0.85397, 0.85428, 0.85409, 0.85425, 0.85382]","[0.90468, 0.90274, 0.89229, 0.8901, 0.8882, 0.88021, 0.88089, 0.87944, 0.87866, 0.87779]","[0.88271, 0.87921, 0.87411, 0.87309, 0.87221, 0.86856, 0.86871, 0.86798, 0.86769, 0.86725]","[0.85068, 0.86025, 0.86355, 0.86166, 0.86361, 0.8609, 0.86054, 0.85428, 0.85638, 0.85509]","[0.89216, 0.89462, 0.89402, 0.88923, 0.89225, 0.88134, 0.8873, 0.87629, 0.87497, 0.87456]","[0.87631, 0.87515, 0.87456, 0.8734, 0.87456, 0.86989, 0.87223, 0.86756, 0.86698, 0.86698]","[0.6646981835365295, 0.6557880640029907, 0.6002662777900696, 0.5752227902412415, 0.5739749073982239, 0.5973625779151917, 0.5607703924179077, 0.5609680414199829, 0.5599003434181213, 0.5634426474571228]","[0.6868837475776672, 0.6671193838119507, 0.6180022358894348, 0.6015836596488953, 0.6028417944908142, 0.6243069171905518, 0.5953879356384277, 0.602899432182312, 0.6012328863143921, 0.6001971364021301]","[0.178451269865036, 0.1615074723958969, 0.09538420289754868, 0.06620825827121735, 0.06225196644663811, 0.07975102216005325, 0.04913390427827835, 0.04809839650988579, 0.04580947384238243, 0.05119537562131882]","[0.18204672634601593, 0.16114124655723572, 0.10617927461862564, 0.08752552419900894, 0.0875474214553833, 0.10266167670488358, 0.08056043833494186, 0.08649168908596039, 0.08370202034711838, 0.08504140377044678]","[0.4862495958805084, 0.49435514211654663, 0.5049639344215393, 0.5090093612670898, 0.5116355419158936, 0.517488420009613, 0.5116812586784363, 0.5128647685050964, 0.5140206217765808, 0.5121183395385742]","[0.505029559135437, 0.5063087344169617, 0.5120426416397095, 0.5142128467559814, 0.515426754951477, 0.5219846963882446, 0.5149756073951721, 0.5164400339126587, 0.5177684426307678, 0.5155968070030212]",0.88271,0.90468,0.86003,0.87631,0.89216,0.85068,650,243,0.86725,0.87779,0.85382,0.86698,0.87456,0.85509
0.8,0.07,6,1.0,"[0.87298, 0.87101, 0.86873, 0.86751, 0.86538, 0.86418, 0.86141, 0.86086]","[0.92052, 0.91678, 0.91279, 0.90975, 0.90725, 0.90414, 0.90105, 0.90015]","[0.88286, 0.88096, 0.87936, 0.8779, 0.87673, 0.87571, 0.87425, 0.87381]","[0.86245, 0.86037, 0.86198, 0.86731, 0.86869, 0.86278, 0.86554, 0.86475]","[0.91001, 0.90008, 0.90041, 0.90677, 0.90763, 0.90048, 0.9032, 0.90416]","[0.87865, 0.87515, 0.87456, 0.8769, 0.87748, 0.87456, 0.87515, 0.87631]","[0.6611796617507935, 0.6402910947799683, 0.5810361504554749, 0.5578106045722961, 0.5531774163246155, 0.5568687319755554, 0.5520910024642944, 0.5579908490180969]","[0.6833735108375549, 0.6501114964485168, 0.5981386303901672, 0.582574725151062, 0.5796870589256287, 0.5851334929466248, 0.5830832719802856, 0.5839588642120361]","[0.1768152266740799, 0.14675502479076385, 0.07656348496675491, 0.049180418252944946, 0.04289279133081436, 0.04696601256728172, 0.03849399834871292, 0.04732653871178627]","[0.1792687028646469, 0.1446516364812851, 0.08756183087825775, 0.06943689286708832, 0.06576360017061234, 0.07214609533548355, 0.0661768689751625, 0.07011102139949799]","[0.48436474800109863, 0.4936128556728363, 0.5045667886734009, 0.5086497068405151, 0.5102394819259644, 0.5098674297332764, 0.5135625004768372, 0.510558545589447]","[0.5042420029640198, 0.5058306455612183, 0.5110127329826355, 0.5134903788566589, 0.5143117308616638, 0.5133398175239563, 0.5172062516212463, 0.5141140222549438]",0.88286,0.92052,0.87298,0.87865,0.91001,0.86245,578,189,0.87381,0.90015,0.86086,0.87631,0.90416,0.86475
0.8,0.08,8,1.0,"[0.88015, 0.88198, 0.87988, 0.87549, 0.87218, 0.86659, 0.86636, 0.86306, 0.86261, 0.8613, 0.85957, 0.85904, 0.85961]","[0.92717, 0.92398, 0.92058, 0.91331, 0.90784, 0.89775, 0.89646, 0.88961, 0.88759, 0.8846, 0.88176, 0.88072, 0.88118]","[0.91174, 0.90999, 0.9078, 0.90372, 0.90051, 0.89482, 0.89424, 0.89001, 0.88884, 0.88753, 0.88607, 0.88534, 0.88563]","[0.86658, 0.86441, 0.86992, 0.86875, 0.86703, 0.87003, 0.87445, 0.87053, 0.86952, 0.86778, 0.86565, 0.8654, 0.86695]","[0.91431, 0.90542, 0.9106, 0.90831, 0.90656, 0.90688, 0.90997, 0.90597, 0.90376, 0.90082, 0.89734, 0.89705, 0.90176]","[0.9049, 0.90257, 0.90373, 0.90257, 0.9014, 0.90082, 0.90257, 0.89965, 0.89907, 0.89732, 0.89557, 0.89557, 0.89848]","[0.6728785634040833, 0.6594824194908142, 0.6101722121238708, 0.5846179723739624, 0.5883397459983826, 0.5769557356834412, 0.5865515470504761, 0.5681107640266418, 0.5642766952514648, 0.558992326259613, 0.5626843571662903, 0.5767528414726257, 0.5658006072044373]","[0.6980432271957397, 0.6720525026321411, 0.6299680471420288, 0.6115983128547668, 0.6130207180976868, 0.6094843149185181, 0.6174629926681519, 0.603661298751831, 0.6060552597045898, 0.6051338315010071, 0.608134925365448, 0.616936445236206, 0.6055629849433899]","[0.1898476779460907, 0.16805194318294525, 0.109001524746418, 0.07878385484218597, 0.07871302962303162, 0.06587109714746475, 0.07371634244918823, 0.05835000053048134, 0.05561663210391998, 0.04954935610294342, 0.05411243438720703, 0.06627780944108963, 0.05383608490228653]","[0.19390152394771576, 0.16658364236354828, 0.12010005861520767, 0.09952585399150848, 0.09805869311094284, 0.09401209652423859, 0.10032755881547928, 0.08959098905324936, 0.09323012828826904, 0.09168902784585953, 0.09588181972503662, 0.1028348058462143, 0.08966020494699478]","[0.4830054044723511, 0.49148592352867126, 0.5012485384941101, 0.5058786869049072, 0.509580671787262, 0.5110980272293091, 0.5127405524253845, 0.5097415447235107, 0.508634626865387, 0.5093626379966736, 0.5084689855575562, 0.510255753993988, 0.5119119882583618]","[0.5042117834091187, 0.5056580305099487, 0.5100682377815247, 0.5121363401412964, 0.515163242816925, 0.5155062079429626, 0.5172471404075623, 0.5139977335929871, 0.5128856897354126, 0.5136442184448242, 0.5124397873878479, 0.5142582654953003, 0.51603102684021]",0.91174,0.92717,0.88015,0.9049,0.91431,0.86658,783,324,0.88563,0.88118,0.85961,0.89848,0.90176,0.86695
0.9,0.06,6,1.0,"[0.85483, 0.8587, 0.85827, 0.85524, 0.8561, 0.85389, 0.85271, 0.85309]","[0.90699, 0.90878, 0.90635, 0.90225, 0.90097, 0.89781, 0.89648, 0.89641]","[0.87892, 0.87761, 0.87586, 0.87425, 0.87381, 0.87236, 0.87177, 0.87163]","[0.83888, 0.84712, 0.84428, 0.84855, 0.85085, 0.85786, 0.84947, 0.85438]","[0.88788, 0.88942, 0.88678, 0.8909, 0.89228, 0.89675, 0.89168, 0.89533]","[0.87223, 0.87106, 0.86931, 0.87048, 0.87106, 0.8734, 0.87106, 0.87281]","[0.6667855978012085, 0.6336644291877747, 0.5795824527740479, 0.5576964020729065, 0.5492134094238281, 0.5700892210006714, 0.5490172505378723, 0.5451958775520325]","[0.6881771683692932, 0.6440533399581909, 0.5958258509635925, 0.5808581709861755, 0.5782760977745056, 0.5974345207214355, 0.5772829055786133, 0.5783467888832092]","[0.18042990565299988, 0.13839073479175568, 0.07317651808261871, 0.04828750342130661, 0.03884531557559967, 0.055206652730703354, 0.03690222278237343, 0.03297934681177139]","[0.183021679520607, 0.1370161920785904, 0.08283989131450653, 0.06678296625614166, 0.06417477875947952, 0.07873506098985672, 0.06180718168616295, 0.06310570985078812]","[0.48635953664779663, 0.4953438937664032, 0.506486177444458, 0.5094422698020935, 0.5103626847267151, 0.514762282371521, 0.5121555328369141, 0.5122361779212952]","[0.5054692029953003, 0.5073444247245789, 0.5132481455802917, 0.514312744140625, 0.5143559575080872, 0.518940269947052, 0.5156884789466858, 0.5154603123664856]",0.87892,0.90699,0.85483,0.87223,0.88788,0.83888,549,189,0.87163,0.89641,0.85309,0.87281,0.89533,0.85438
0.9,0.06,7,1.0,"[0.86748, 0.87049, 0.86688, 0.86926, 0.86673, 0.86488, 0.86272, 0.86392, 0.86368, 0.86329]","[0.91359, 0.91289, 0.90732, 0.90716, 0.90179, 0.89867, 0.89717, 0.89714, 0.89579, 0.89509]","[0.88461, 0.88359, 0.88096, 0.88082, 0.87877, 0.87732, 0.87644, 0.87629, 0.87571, 0.87542]","[0.86007, 0.85663, 0.86038, 0.86026, 0.85789, 0.85875, 0.85955, 0.8584, 0.85331, 0.85546]","[0.90366, 0.8928, 0.89448, 0.89397, 0.89291, 0.89186, 0.89068, 0.89183, 0.88616, 0.88766]","[0.88098, 0.87573, 0.87631, 0.87573, 0.87515, 0.87456, 0.87398, 0.87456, 0.87165, 0.87281]","[0.6702455878257751, 0.6485026478767395, 0.5935016870498657, 0.5693879127502441, 0.5625331997871399, 0.5779804587364197, 0.5592651963233948, 0.5529237985610962, 0.5509585738182068, 0.5472856760025024]","[0.6946666836738586, 0.6600489020347595, 0.6126786470413208, 0.5965474843978882, 0.5911507606506348, 0.6076472401618958, 0.5935578346252441, 0.5851619839668274, 0.5908832550048828, 0.5854264497756958]","[0.18725310266017914, 0.1556629240512848, 0.08989343047142029, 0.060119740664958954, 0.052452072501182556, 0.06710390001535416, 0.04538504779338837, 0.04233619198203087, 0.04006526246666908, 0.03788446635007858]","[0.19018612802028656, 0.15346169471740723, 0.10091239959001541, 0.08132260292768478, 0.07615506649017334, 0.09237183630466461, 0.07538490742444992, 0.0709020271897316, 0.07579690963029861, 0.07178258895874023]","[0.48299938440322876, 0.4929245114326477, 0.5036892294883728, 0.5092753171920776, 0.5100310444831848, 0.5107926726341248, 0.5139420628547668, 0.5105627775192261, 0.510835587978363, 0.509351909160614]","[0.504723310470581, 0.5069988965988159, 0.5120354890823364, 0.5154463052749634, 0.5151796936988831, 0.5155389904975891, 0.518398642539978, 0.5143204927444458, 0.5152535438537598, 0.5138087272644043]",0.88461,0.91359,0.86748,0.88098,0.90366,0.86007,658,243,0.87542,0.89509,0.86329,0.87281,0.88766,0.85546
0.9,0.06,7,1.0,"[0.87394, 0.87984, 0.87429, 0.86791, 0.86637, 0.86497, 0.86403]","[0.91973, 0.92306, 0.91639, 0.90947, 0.90742, 0.90426, 0.90334]","[0.8884, 0.88899, 0.88592, 0.88257, 0.8814, 0.8798, 0.87921]","[0.85535, 0.86474, 0.86654, 0.86691, 0.86618, 0.86494, 0.86713]","[0.89734, 0.89905, 0.89787, 0.89907, 0.89761, 0.8963, 0.90055]","[0.87923, 0.87923, 0.87923, 0.87923, 0.87865, 0.87806, 0.87923]","[0.6706613898277283, 0.6442689299583435, 0.5878505110740662, 0.5674012899398804, 0.5626379251480103, 0.5642316937446594, 0.5562066435813904]","[0.6914436221122742, 0.6553406715393066, 0.6068847179412842, 0.5936053395271301, 0.5879776477813721, 0.5912857055664062, 0.5862231254577637]","[0.18556340038776398, 0.15065233409404755, 0.08382302522659302, 0.05887417495250702, 0.052192069590091705, 0.05343387648463249, 0.046494096517562866]","[0.18745867908000946, 0.1498951017856598, 0.09630332142114639, 0.08046398311853409, 0.07352286577224731, 0.07686460018157959, 0.07316970825195312]","[0.4850868880748749, 0.49367982149124146, 0.504104495048523, 0.5085310935974121, 0.5104262232780457, 0.510761559009552, 0.5096808075904846]","[0.5041478276252747, 0.5057815313339233, 0.5108312368392944, 0.5133782625198364, 0.5147043466567993, 0.5146616697311401, 0.5133898854255676]",0.8884,0.91973,0.87394,0.87923,0.89734,0.85535,530,162,0.87921,0.90334,0.86403,0.87923,0.90055,0.86713
0.9,0.07,7,1.0,"[0.86941, 0.87105, 0.87322, 0.87284, 0.87138, 0.86906, 0.86911, 0.86821, 0.86812, 0.86819]","[0.91985, 0.91992, 0.92107, 0.92024, 0.91827, 0.91509, 0.91491, 0.91398, 0.91264, 0.91266]","[0.89161, 0.88913, 0.88796, 0.88811, 0.88884, 0.88738, 0.88767, 0.88738, 0.88665, 0.8868]","[0.85612, 0.85996, 0.85613, 0.85997, 0.86257, 0.85987, 0.85729, 0.85896, 0.85687, 0.85922]","[0.90287, 0.90183, 0.89619, 0.90131, 0.90256, 0.90251, 0.90337, 0.9015, 0.89856, 0.9006]","[0.88448, 0.88215, 0.87748, 0.87981, 0.87981, 0.87923, 0.88098, 0.88156, 0.87981, 0.8804]","[0.6672789454460144, 0.6513330936431885, 0.5980682969093323, 0.5762167572975159, 0.5671918392181396, 0.5753339529037476, 0.5699270367622375, 0.5692827105522156, 0.5529646873474121, 0.5568140149116516]","[0.6886097192764282, 0.6621866226196289, 0.6172899007797241, 0.6008267402648926, 0.6000524163246155, 0.6085816621780396, 0.5983098745346069, 0.6062572002410889, 0.5927022099494934, 0.595291793346405]","[0.18107375502586365, 0.15681777894496918, 0.09282403439283371, 0.06711896508932114, 0.056170716881752014, 0.05597493797540665, 0.05688076838850975, 0.05473621189594269, 0.04148617386817932, 0.04408878833055496]","[0.18456915020942688, 0.155962273478508, 0.10514999181032181, 0.08685392886400223, 0.08564262837171555, 0.0857355073094368, 0.08281415700912476, 0.08887440711259842, 0.07809477299451828, 0.07972510159015656]","[0.48618069291114807, 0.49459388852119446, 0.5053244233131409, 0.5091464519500732, 0.5110658407211304, 0.5192747712135315, 0.5129700303077698, 0.5144851207733154, 0.5114486813545227, 0.5126364827156067]","[0.5041760802268982, 0.5065979957580566, 0.512349009513855, 0.5141618847846985, 0.514593243598938, 0.5230674147605896, 0.5156239867210388, 0.5176350474357605, 0.5147544741630554, 0.5158146619796753]",0.89161,0.91985,0.86941,0.88448,0.90287,0.85612,650,243,0.8868,0.91266,0.86819,0.8804,0.9006,0.85922
1.0,0.05,5,1.0,"[0.83468, 0.83739, 0.83252, 0.82691, 0.82331, 0.82434, 0.82192, 0.8198, 0.81972]","[0.8535, 0.85371, 0.84784, 0.84035, 0.83541, 0.83616, 0.83276, 0.83039, 0.82995]","[0.78352, 0.78249, 0.77972, 0.77651, 0.77433, 0.77433, 0.77272, 0.77141, 0.77126]","[0.81153, 0.82495, 0.83046, 0.83271, 0.83254, 0.83253, 0.82937, 0.83149, 0.83165]","[0.83216, 0.83319, 0.83903, 0.84248, 0.84294, 0.84376, 0.84058, 0.84059, 0.8411]","[0.7748, 0.7748, 0.77713, 0.7783, 0.7783, 0.77888, 0.77713, 0.77655, 0.77655]","[0.650190532207489, 0.6309715509414673, 0.5758153796195984, 0.5535553693771362, 0.5476152896881104, 0.5539256930351257, 0.5577294230461121, 0.5394272208213806, 0.538429319858551]","[0.6698732972145081, 0.6411758065223694, 0.5897385478019714, 0.5724329948425293, 0.5702504515647888, 0.5773072838783264, 0.5764053463935852, 0.5662270784378052, 0.5677316784858704]","[0.16345356404781342, 0.13521310687065125, 0.07120750099420547, 0.043632008135318756, 0.03691812604665756, 0.04211286082863808, 0.04463033750653267, 0.030687430873513222, 0.027513492852449417]","[0.16529205441474915, 0.1338585466146469, 0.07916772365570068, 0.058619312942028046, 0.05616762861609459, 0.06255309283733368, 0.05989614874124527, 0.0547635443508625, 0.05373823270201683]","[0.486729234457016, 0.49583306908607483, 0.5047121644020081, 0.5099534392356873, 0.510675847530365, 0.5117485523223877, 0.5130690932273865, 0.5087280869483948, 0.5108767747879028]","[0.5047441720962524, 0.5077008008956909, 0.5109814405441284, 0.5141363143920898, 0.5143627524375916, 0.5151037573814392, 0.5168970227241516, 0.5118407607078552, 0.5143011212348938]",0.78352,0.8535,0.83468,0.7748,0.83216,0.81153,619,216,0.77126,0.82995,0.81972,0.77655,0.8411,0.83165
1.0,0.04,6,1.0,"[0.85986, 0.8668, 0.86282, 0.86264, 0.8637, 0.86168, 0.86113, 0.86149]","[0.91005, 0.91207, 0.90826, 0.90681, 0.90695, 0.90445, 0.90391, 0.90392]","[0.87863, 0.87848, 0.87688, 0.87629, 0.87659, 0.87557, 0.87527, 0.87527]","[0.83209, 0.84058, 0.84592, 0.85519, 0.85762, 0.85806, 0.85771, 0.85723]","[0.88303, 0.88532, 0.88784, 0.89891, 0.90316, 0.90246, 0.90134, 0.90085]","[0.86814, 0.86814, 0.86931, 0.8734, 0.87515, 0.87515, 0.87456, 0.87398]","[0.6637654900550842, 0.640504002571106, 0.5835932493209839, 0.5592567920684814, 0.5520426034927368, 0.5590317845344543, 0.5475030541419983, 0.546460747718811]","[0.6849237680435181, 0.6503130793571472, 0.6000747680664062, 0.5838032960891724, 0.5801761746406555, 0.5862966775894165, 0.5782488584518433, 0.5775794982910156]","[0.17747314274311066, 0.14623144268989563, 0.07900845259428024, 0.04997251555323601, 0.04186873137950897, 0.04846697300672531, 0.03379063680768013, 0.03627287223935127]","[0.1797441691160202, 0.143936425447464, 0.08864282071590424, 0.06943579763174057, 0.06572208553552628, 0.0720742791891098, 0.06101137399673462, 0.06436791270971298]","[0.48630034923553467, 0.4943350553512573, 0.5046641230583191, 0.5093203186988831, 0.5101556181907654, 0.5104902386665344, 0.51377934217453, 0.5101481080055237]","[0.5054908990859985, 0.5067518949508667, 0.5117828249931335, 0.514651894569397, 0.5146554112434387, 0.5144387483596802, 0.5174693465232849, 0.5135472416877747]",0.87863,0.91005,0.85986,0.86814,0.88303,0.83209,570,189,0.87527,0.90392,0.86149,0.87398,0.90085,0.85723
1.0,0.06,6,1.0,"[0.86182, 0.86388, 0.86437, 0.86425, 0.86126, 0.86131, 0.86147, 0.86168, 0.86259, 0.861, 0.86093]","[0.91444, 0.91354, 0.91255, 0.91178, 0.90894, 0.90711, 0.90677, 0.90631, 0.90582, 0.90397, 0.90387]","[0.88038, 0.87907, 0.87848, 0.87848, 0.87717, 0.87629, 0.876, 0.87557, 0.87542, 0.87454, 0.87469]","[0.84153, 0.8478, 0.85177, 0.85269, 0.85687, 0.85829, 0.85947, 0.85666, 0.85475, 0.85329, 0.85768]","[0.89474, 0.89602, 0.89643, 0.89785, 0.90409, 0.90489, 0.90516, 0.90092, 0.89612, 0.89782, 0.90348]","[0.87281, 0.87223, 0.87223, 0.87281, 0.87515, 0.87573, 0.87573, 0.87398, 0.87223, 0.87281, 0.87515]","[0.6634839773178101, 0.6381151676177979, 0.5822747945785522, 0.5576203465461731, 0.549208402633667, 0.5775787830352783, 0.5508012175559998, 0.5494287014007568, 0.5585358142852783, 0.5567323565483093, 0.563946008682251]","[0.6875494718551636, 0.6491088271141052, 0.6006062626838684, 0.5841395258903503, 0.5807391405105591, 0.6034639477729797, 0.5782912373542786, 0.5801700949668884, 0.5844691395759583, 0.5856530070304871, 0.5916156768798828]","[0.17914780974388123, 0.1459512859582901, 0.07864612340927124, 0.04964567720890045, 0.04125601798295975, 0.06456220895051956, 0.04263792559504509, 0.040192946791648865, 0.04706215485930443, 0.04874749481678009, 0.05509663000702858]","[0.1825428158044815, 0.14405950903892517, 0.0893934965133667, 0.07081667333841324, 0.06860513240098953, 0.08678042888641357, 0.06545063853263855, 0.06719578802585602, 0.06942547112703323, 0.07379579544067383, 0.07894249260425568]","[0.4843752682209015, 0.49224331974983215, 0.5037159323692322, 0.5080011487007141, 0.5079137682914734, 0.5128502249717712, 0.5081566572189331, 0.5091685056686401, 0.5113728642463684, 0.5078896284103394, 0.5086861848831177]","[0.5051864981651306, 0.5053964257240295, 0.511570155620575, 0.5136850476264954, 0.5124742984771729, 0.5170195698738098, 0.5129533410072327, 0.5132340788841248, 0.515295147895813, 0.51207035779953, 0.5130917429924011]",0.88038,0.91444,0.86182,0.87281,0.89474,0.84153,690,270,0.87469,0.90387,0.86093,0.87515,0.90348,0.85768
1.0,0.06,7,1.0,"[0.86366, 0.86836, 0.86769, 0.86883, 0.86623, 0.86576, 0.86397, 0.86231, 0.86244]","[0.91058, 0.91098, 0.90895, 0.90845, 0.90498, 0.90207, 0.90132, 0.89869, 0.89842]","[0.88403, 0.88155, 0.88038, 0.87994, 0.87819, 0.87702, 0.87644, 0.87542, 0.87542]","[0.84795, 0.85905, 0.85726, 0.86137, 0.86149, 0.85863, 0.86259, 0.85985, 0.86218]","[0.89282, 0.89396, 0.89383, 0.8973, 0.89717, 0.89049, 0.90087, 0.89376, 0.89887]","[0.87515, 0.87456, 0.87515, 0.87631, 0.87573, 0.87281, 0.87748, 0.87398, 0.8769]","[0.6675553321838379, 0.6500710844993591, 0.5938600301742554, 0.5690491199493408, 0.5612697005271912, 0.584881067276001, 0.5628944635391235, 0.5554791688919067, 0.5477242469787598]","[0.6893669366836548, 0.6607150435447693, 0.6099742650985718, 0.5924815535545349, 0.5912463068962097, 0.6107027530670166, 0.5880743861198425, 0.5910763144493103, 0.5836955308914185]","[0.1802177131175995, 0.1552264541387558, 0.08950065076351166, 0.06062595173716545, 0.05117824673652649, 0.06553196907043457, 0.0498579740524292, 0.04085829481482506, 0.03624097630381584]","[0.18373969197273254, 0.15373215079307556, 0.0983118936419487, 0.07900301367044449, 0.07719818502664566, 0.08765865117311478, 0.0723574161529541, 0.0732753723859787, 0.06892692297697067]","[0.4873060882091522, 0.4949169456958771, 0.5044553279876709, 0.508446216583252, 0.5100371241569519, 0.5191738605499268, 0.5130496025085449, 0.5145960450172424, 0.5114596486091614]","[0.5059009194374084, 0.5072849988937378, 0.5119084715843201, 0.5136756300926208, 0.5142066478729248, 0.5232640504837036, 0.516033947467804, 0.5178863406181335, 0.5149340033531189]",0.88403,0.91058,0.86366,0.87515,0.89282,0.84795,688,216,0.87542,0.89842,0.86244,0.8769,0.89887,0.86218
